District Name,School Code,School Name,State Board Region,Grade Span,Number of Days Missed Due to Hurricane Helene,Subgroup,The ACT Subtest or Composite,Percent Meeting Benchmark or Standard
Charlotte-Mecklenburg Schools,600312,William Amos Hough High,Southwest,09-12,0,Academically or Intellectually Gifted,ACT composite score of 17 or higher,>95
Charlotte-Mecklenburg Schools,600312,William Amos Hough High,Southwest,09-12,0,All Students,ACT composite score of 17 or higher,76
Charlotte-Mecklenburg Schools,600312,William Amos Hough High,Southwest,09-12,0,Asian,ACT composite score of 17 or higher,>95
Charlotte-Mecklenburg Schools,600312,William Amos Hough High,Southwest,09-12,0,Black,ACT composite score of 17 or higher,52.9
Charlotte-Mecklenburg Schools,600312,William Amos Hough High,Southwest,09-12,0,Economically Disadvantaged,ACT composite score of 17 or higher,53.2
Charlotte-Mecklenburg Schools,600312,William Amos Hough High,Southwest,09-12,0,English Learner,ACT composite score of 17 or higher,20
Charlotte-Mecklenburg Schools,600312,William Amos Hough High,Southwest,09-12,0,Female,ACT composite score of 17 or higher,80.5
Charlotte-Mecklenburg Schools,600312,William Amos Hough High,Southwest,09-12,0,Hispanic,ACT composite score of 17 or higher,58.8
Charlotte-Mecklenburg Schools,600312,William Amos Hough High,Southwest,09-12,0,Male,ACT composite score of 17 or higher,71.1
Charlotte-Mecklenburg Schools,600312,William Amos Hough High,Southwest,09-12,0,Two or More Races,ACT composite score of 17 or higher,75
Charlotte-Mecklenburg Schools,600312,William Amos Hough High,Southwest,09-12,0,Not Academically or Intellectually Gifted,ACT composite score of 17 or higher,69.5
Charlotte-Mecklenburg Schools,600312,William Amos Hough High,Southwest,09-12,0,Not Economically Disadvantaged,ACT composite score of 17 or higher,81.2
Charlotte-Mecklenburg Schools,600312,William Amos Hough High,Southwest,09-12,0,Not English Learner,ACT composite score of 17 or higher,78.5
Charlotte-Mecklenburg Schools,600312,William Amos Hough High,Southwest,09-12,0,Not Student with Disabilities,ACT composite score of 17 or higher,77.8
Charlotte-Mecklenburg Schools,600312,William Amos Hough High,Southwest,09-12,0,Students With Disabilities,ACT composite score of 17 or higher,25
Charlotte-Mecklenburg Schools,600312,William Amos Hough High,Southwest,09-12,0,White,ACT composite score of 17 or higher,82.5
Charlotte-Mecklenburg Schools,600312,William Amos Hough High,Southwest,09-12,0,Academically or Intellectually Gifted,ACT English subtest,92.1
Charlotte-Mecklenburg Schools,600312,William Amos Hough High,Southwest,09-12,0,All Students,ACT English subtest,57.3
Charlotte-Mecklenburg Schools,600312,William Amos Hough High,Southwest,09-12,0,Asian,ACT English subtest,88.9
Charlotte-Mecklenburg Schools,600312,William Amos Hough High,Southwest,09-12,0,Black,ACT English subtest,27.1
Charlotte-Mecklenburg Schools,600312,William Amos Hough High,Southwest,09-12,0,Economically Disadvantaged,ACT English subtest,33
Charlotte-Mecklenburg Schools,600312,William Amos Hough High,Southwest,09-12,0,English Learner,ACT English subtest,7.7
Charlotte-Mecklenburg Schools,600312,William Amos Hough High,Southwest,09-12,0,Female,ACT English subtest,64.9
Charlotte-Mecklenburg Schools,600312,William Amos Hough High,Southwest,09-12,0,Hispanic,ACT English subtest,38.8
Charlotte-Mecklenburg Schools,600312,William Amos Hough High,Southwest,09-12,0,Male,ACT English subtest,49.1
Charlotte-Mecklenburg Schools,600312,William Amos Hough High,Southwest,09-12,0,Two or More Races,ACT English subtest,50
Charlotte-Mecklenburg Schools,600312,William Amos Hough High,Southwest,09-12,0,Not Academically or Intellectually Gifted,ACT English subtest,47.7
Charlotte-Mecklenburg Schools,600312,William Amos Hough High,Southwest,09-12,0,Not Economically Disadvantaged,ACT English subtest,63.1
Charlotte-Mecklenburg Schools,600312,William Amos Hough High,Southwest,09-12,0,Not English Learner,ACT English subtest,59.6
Charlotte-Mecklenburg Schools,600312,William Amos Hough High,Southwest,09-12,0,Not Student with Disabilities,ACT English subtest,59.1
Charlotte-Mecklenburg Schools,600312,William Amos Hough High,Southwest,09-12,0,Students With Disabilities,ACT English subtest,9.5
Charlotte-Mecklenburg Schools,600312,William Amos Hough High,Southwest,09-12,0,White,ACT English subtest,64.9
Charlotte-Mecklenburg Schools,600312,William Amos Hough High,Southwest,09-12,0,Academically or Intellectually Gifted,ACT Math subtest,90.6
Charlotte-Mecklenburg Schools,600312,William Amos Hough High,Southwest,09-12,0,All Students,ACT Math subtest,51.3
Charlotte-Mecklenburg Schools,600312,William Amos Hough High,Southwest,09-12,0,Asian,ACT Math subtest,63
Charlotte-Mecklenburg Schools,600312,William Amos Hough High,Southwest,09-12,0,Black,ACT Math subtest,22.9
Charlotte-Mecklenburg Schools,600312,William Amos Hough High,Southwest,09-12,0,Economically Disadvantaged,ACT Math subtest,22.5
Charlotte-Mecklenburg Schools,600312,William Amos Hough High,Southwest,09-12,0,English Learner,ACT Math subtest,7.7
Charlotte-Mecklenburg Schools,600312,William Amos Hough High,Southwest,09-12,0,Female,ACT Math subtest,50.3
Charlotte-Mecklenburg Schools,600312,William Amos Hough High,Southwest,09-12,0,Hispanic,ACT Math subtest,35.3
Charlotte-Mecklenburg Schools,600312,William Amos Hough High,Southwest,09-12,0,Male,ACT Math subtest,52.3
Charlotte-Mecklenburg Schools,600312,William Amos Hough High,Southwest,09-12,0,Two or More Races,ACT Math subtest,43.8
Charlotte-Mecklenburg Schools,600312,William Amos Hough High,Southwest,09-12,0,Not Academically or Intellectually Gifted,ACT Math subtest,40.4
Charlotte-Mecklenburg Schools,600312,William Amos Hough High,Southwest,09-12,0,Not Economically Disadvantaged,ACT Math subtest,58
Charlotte-Mecklenburg Schools,600312,William Amos Hough High,Southwest,09-12,0,Not English Learner,ACT Math subtest,53.3
Charlotte-Mecklenburg Schools,600312,William Amos Hough High,Southwest,09-12,0,Not Student with Disabilities,ACT Math subtest,52.7
Charlotte-Mecklenburg Schools,600312,William Amos Hough High,Southwest,09-12,0,Students With Disabilities,ACT Math subtest,10
Charlotte-Mecklenburg Schools,600312,William Amos Hough High,Southwest,09-12,0,White,ACT Math subtest,59.4
Charlotte-Mecklenburg Schools,600312,William Amos Hough High,Southwest,09-12,0,Academically or Intellectually Gifted,ACT Reading subtest,89
Charlotte-Mecklenburg Schools,600312,William Amos Hough High,Southwest,09-12,0,All Students,ACT Reading subtest,53.9
Charlotte-Mecklenburg Schools,600312,William Amos Hough High,Southwest,09-12,0,Asian,ACT Reading subtest,69.2
Charlotte-Mecklenburg Schools,600312,William Amos Hough High,Southwest,09-12,0,Black,ACT Reading subtest,30
Charlotte-Mecklenburg Schools,600312,William Amos Hough High,Southwest,09-12,0,Economically Disadvantaged,ACT Reading subtest,31.8
Charlotte-Mecklenburg Schools,600312,William Amos Hough High,Southwest,09-12,0,English Learner,ACT Reading subtest,<5
Charlotte-Mecklenburg Schools,600312,William Amos Hough High,Southwest,09-12,0,Female,ACT Reading subtest,58.9
Charlotte-Mecklenburg Schools,600312,William Amos Hough High,Southwest,09-12,0,Hispanic,ACT Reading subtest,31.8
Charlotte-Mecklenburg Schools,600312,William Amos Hough High,Southwest,09-12,0,Male,ACT Reading subtest,48.6
Charlotte-Mecklenburg Schools,600312,William Amos Hough High,Southwest,09-12,0,Two or More Races,ACT Reading subtest,37.5
Charlotte-Mecklenburg Schools,600312,William Amos Hough High,Southwest,09-12,0,Not Academically or Intellectually Gifted,ACT Reading subtest,44.2
Charlotte-Mecklenburg Schools,600312,William Amos Hough High,Southwest,09-12,0,Not Economically Disadvantaged,ACT Reading subtest,59.1
Charlotte-Mecklenburg Schools,600312,William Amos Hough High,Southwest,09-12,0,Not English Learner,ACT Reading subtest,56.4
Charlotte-Mecklenburg Schools,600312,William Amos Hough High,Southwest,09-12,0,Not Student with Disabilities,ACT Reading subtest,55.6
Charlotte-Mecklenburg Schools,600312,William Amos Hough High,Southwest,09-12,0,Students With Disabilities,ACT Reading subtest,9.5
Charlotte-Mecklenburg Schools,600312,William Amos Hough High,Southwest,09-12,0,White,ACT Reading subtest,62.8
Charlotte-Mecklenburg Schools,600312,William Amos Hough High,Southwest,09-12,0,Academically or Intellectually Gifted,ACT Science subtest,77.2
Charlotte-Mecklenburg Schools,600312,William Amos Hough High,Southwest,09-12,0,All Students,ACT Science subtest,40.8
Charlotte-Mecklenburg Schools,600312,William Amos Hough High,Southwest,09-12,0,Asian,ACT Science subtest,69.2
Charlotte-Mecklenburg Schools,600312,William Amos Hough High,Southwest,09-12,0,Black,ACT Science subtest,12.9
Charlotte-Mecklenburg Schools,600312,William Amos Hough High,Southwest,09-12,0,Economically Disadvantaged,ACT Science subtest,20
Charlotte-Mecklenburg Schools,600312,William Amos Hough High,Southwest,09-12,0,English Learner,ACT Science subtest,<5
Charlotte-Mecklenburg Schools,600312,William Amos Hough High,Southwest,09-12,0,Female,ACT Science subtest,39.5
Charlotte-Mecklenburg Schools,600312,William Amos Hough High,Southwest,09-12,0,Hispanic,ACT Science subtest,25.9
Charlotte-Mecklenburg Schools,600312,William Amos Hough High,Southwest,09-12,0,Male,ACT Science subtest,42.1
Charlotte-Mecklenburg Schools,600312,William Amos Hough High,Southwest,09-12,0,Two or More Races,ACT Science subtest,37.5
Charlotte-Mecklenburg Schools,600312,William Amos Hough High,Southwest,09-12,0,Not Academically or Intellectually Gifted,ACT Science subtest,30.6
Charlotte-Mecklenburg Schools,600312,William Amos Hough High,Southwest,09-12,0,Not Economically Disadvantaged,ACT Science subtest,45.6
Charlotte-Mecklenburg Schools,600312,William Amos Hough High,Southwest,09-12,0,Not English Learner,ACT Science subtest,42.4
Charlotte-Mecklenburg Schools,600312,William Amos Hough High,Southwest,09-12,0,Not Student with Disabilities,ACT Science subtest,42.1
Charlotte-Mecklenburg Schools,600312,William Amos Hough High,Southwest,09-12,0,Students With Disabilities,ACT Science subtest,<5
Charlotte-Mecklenburg Schools,600312,William Amos Hough High,Southwest,09-12,0,White,ACT Science subtest,47.1
Charlotte-Mecklenburg Schools,600312,William Amos Hough High,Southwest,09-12,0,Academically or Intellectually Gifted,All ACT subtest benchmarks (sum of benchmarks met),87.2
Charlotte-Mecklenburg Schools,600312,William Amos Hough High,Southwest,09-12,0,All Students,All ACT subtest benchmarks (sum of benchmarks met),50.8
Charlotte-Mecklenburg Schools,600312,William Amos Hough High,Southwest,09-12,0,Asian,All ACT subtest benchmarks (sum of benchmarks met),72.6
Charlotte-Mecklenburg Schools,600312,William Amos Hough High,Southwest,09-12,0,Black,All ACT subtest benchmarks (sum of benchmarks met),23.2
Charlotte-Mecklenburg Schools,600312,William Amos Hough High,Southwest,09-12,0,Economically Disadvantaged,All ACT subtest benchmarks (sum of benchmarks met),26.9
Charlotte-Mecklenburg Schools,600312,William Amos Hough High,Southwest,09-12,0,English Learner,All ACT subtest benchmarks (sum of benchmarks met),<5
Charlotte-Mecklenburg Schools,600312,William Amos Hough High,Southwest,09-12,0,Female,All ACT subtest benchmarks (sum of benchmarks met),53.4
Charlotte-Mecklenburg Schools,600312,William Amos Hough High,Southwest,09-12,0,Hispanic,All ACT subtest benchmarks (sum of benchmarks met),32.9
Charlotte-Mecklenburg Schools,600312,William Amos Hough High,Southwest,09-12,0,Male,All ACT subtest benchmarks (sum of benchmarks met),48
Charlotte-Mecklenburg Schools,600312,William Amos Hough High,Southwest,09-12,0,Military Connected,All ACT subtest benchmarks (sum of benchmarks met),83.3
Charlotte-Mecklenburg Schools,600312,William Amos Hough High,Southwest,09-12,0,Two or More Races,All ACT subtest benchmarks (sum of benchmarks met),42.2
Charlotte-Mecklenburg Schools,600312,William Amos Hough High,Southwest,09-12,0,Not Academically or Intellectually Gifted,All ACT subtest benchmarks (sum of benchmarks met),40.7
Charlotte-Mecklenburg Schools,600312,William Amos Hough High,Southwest,09-12,0,Not Economically Disadvantaged,All ACT subtest benchmarks (sum of benchmarks met),56.4
Charlotte-Mecklenburg Schools,600312,William Amos Hough High,Southwest,09-12,0,Not English Learner,All ACT subtest benchmarks (sum of benchmarks met),52.9
Charlotte-Mecklenburg Schools,600312,William Amos Hough High,Southwest,09-12,0,Not Student with Disabilities,All ACT subtest benchmarks (sum of benchmarks met),52.4
Charlotte-Mecklenburg Schools,600312,William Amos Hough High,Southwest,09-12,0,Students With Disabilities,All ACT subtest benchmarks (sum of benchmarks met),8.4
Charlotte-Mecklenburg Schools,600312,William Amos Hough High,Southwest,09-12,0,White,All ACT subtest benchmarks (sum of benchmarks met),58.6
Charlotte-Mecklenburg Schools,600312,William Amos Hough High,Southwest,09-12,0,Academically or Intellectually Gifted,Met all 4 ACT subtest benchmarks,70.9
Charlotte-Mecklenburg Schools,600312,William Amos Hough High,Southwest,09-12,0,All Students,Met all 4 ACT subtest benchmarks,31.9
Charlotte-Mecklenburg Schools,600312,William Amos Hough High,Southwest,09-12,0,Asian,Met all 4 ACT subtest benchmarks,61.5
Charlotte-Mecklenburg Schools,600312,William Amos Hough High,Southwest,09-12,0,Black,Met all 4 ACT subtest benchmarks,8.6
Charlotte-Mecklenburg Schools,600312,William Amos Hough High,Southwest,09-12,0,Economically Disadvantaged,Met all 4 ACT subtest benchmarks,13.8
Charlotte-Mecklenburg Schools,600312,William Amos Hough High,Southwest,09-12,0,English Learner,Met all 4 ACT subtest benchmarks,<5
Charlotte-Mecklenburg Schools,600312,William Amos Hough High,Southwest,09-12,0,Female,Met all 4 ACT subtest benchmarks,34
Charlotte-Mecklenburg Schools,600312,William Amos Hough High,Southwest,09-12,0,Hispanic,Met all 4 ACT subtest benchmarks,16.5
Charlotte-Mecklenburg Schools,600312,William Amos Hough High,Southwest,09-12,0,Male,Met all 4 ACT subtest benchmarks,29.6
Charlotte-Mecklenburg Schools,600312,William Amos Hough High,Southwest,09-12,0,Two or More Races,Met all 4 ACT subtest benchmarks,37.5
Charlotte-Mecklenburg Schools,600312,William Amos Hough High,Southwest,09-12,0,Not Academically or Intellectually Gifted,Met all 4 ACT subtest benchmarks,21.1
Charlotte-Mecklenburg Schools,600312,William Amos Hough High,Southwest,09-12,0,Not Economically Disadvantaged,Met all 4 ACT subtest benchmarks,36.1
Charlotte-Mecklenburg Schools,600312,William Amos Hough High,Southwest,09-12,0,Not English Learner,Met all 4 ACT subtest benchmarks,33.3
Charlotte-Mecklenburg Schools,600312,William Amos Hough High,Southwest,09-12,0,Not Student with Disabilities,Met all 4 ACT subtest benchmarks,32.9
Charlotte-Mecklenburg Schools,600312,William Amos Hough High,Southwest,09-12,0,Students With Disabilities,Met all 4 ACT subtest benchmarks,5
Charlotte-Mecklenburg Schools,600312,William Amos Hough High,Southwest,09-12,0,White,Met all 4 ACT subtest benchmarks,37.1
Charlotte-Mecklenburg Schools,600415,Hopewell High School,Southwest,09-12,0,Academically or Intellectually Gifted,ACT composite score of 17 or higher,>95
Charlotte-Mecklenburg Schools,600415,Hopewell High School,Southwest,09-12,0,All Students,ACT composite score of 17 or higher,46.8
Charlotte-Mecklenburg Schools,600415,Hopewell High School,Southwest,09-12,0,Black,ACT composite score of 17 or higher,35.6
Charlotte-Mecklenburg Schools,600415,Hopewell High School,Southwest,09-12,0,Economically Disadvantaged,ACT composite score of 17 or higher,37.7
Charlotte-Mecklenburg Schools,600415,Hopewell High School,Southwest,09-12,0,English Learner,ACT composite score of 17 or higher,<5
Charlotte-Mecklenburg Schools,600415,Hopewell High School,Southwest,09-12,0,Female,ACT composite score of 17 or higher,52.2
Charlotte-Mecklenburg Schools,600415,Hopewell High School,Southwest,09-12,0,Hispanic,ACT composite score of 17 or higher,37
Charlotte-Mecklenburg Schools,600415,Hopewell High School,Southwest,09-12,0,Male,ACT composite score of 17 or higher,41.3
Charlotte-Mecklenburg Schools,600415,Hopewell High School,Southwest,09-12,0,Two or More Races,ACT composite score of 17 or higher,47.6
Charlotte-Mecklenburg Schools,600415,Hopewell High School,Southwest,09-12,0,Not Academically or Intellectually Gifted,ACT composite score of 17 or higher,41.4
Charlotte-Mecklenburg Schools,600415,Hopewell High School,Southwest,09-12,0,Not Economically Disadvantaged,ACT composite score of 17 or higher,52
Charlotte-Mecklenburg Schools,600415,Hopewell High School,Southwest,09-12,0,Not English Learner,ACT composite score of 17 or higher,50
Charlotte-Mecklenburg Schools,600415,Hopewell High School,Southwest,09-12,0,Not Student with Disabilities,ACT composite score of 17 or higher,48.9
Charlotte-Mecklenburg Schools,600415,Hopewell High School,Southwest,09-12,0,Students With Disabilities,ACT composite score of 17 or higher,17.9
Charlotte-Mecklenburg Schools,600415,Hopewell High School,Southwest,09-12,0,White,ACT composite score of 17 or higher,76.8
Charlotte-Mecklenburg Schools,600415,Hopewell High School,Southwest,09-12,0,Academically or Intellectually Gifted,ACT English subtest,89.2
Charlotte-Mecklenburg Schools,600415,Hopewell High School,Southwest,09-12,0,All Students,ACT English subtest,34.5
Charlotte-Mecklenburg Schools,600415,Hopewell High School,Southwest,09-12,0,Black,ACT English subtest,24.1
Charlotte-Mecklenburg Schools,600415,Hopewell High School,Southwest,09-12,0,Economically Disadvantaged,ACT English subtest,24.5
Charlotte-Mecklenburg Schools,600415,Hopewell High School,Southwest,09-12,0,English Learner,ACT English subtest,7.1
Charlotte-Mecklenburg Schools,600415,Hopewell High School,Southwest,09-12,0,Female,ACT English subtest,38.2
Charlotte-Mecklenburg Schools,600415,Hopewell High School,Southwest,09-12,0,Hispanic,ACT English subtest,24.3
Charlotte-Mecklenburg Schools,600415,Hopewell High School,Southwest,09-12,0,Male,ACT English subtest,30.9
Charlotte-Mecklenburg Schools,600415,Hopewell High School,Southwest,09-12,0,Two or More Races,ACT English subtest,22.7
Charlotte-Mecklenburg Schools,600415,Hopewell High School,Southwest,09-12,0,Not Academically or Intellectually Gifted,ACT English subtest,29.1
Charlotte-Mecklenburg Schools,600415,Hopewell High School,Southwest,09-12,0,Not Economically Disadvantaged,ACT English subtest,40.4
Charlotte-Mecklenburg Schools,600415,Hopewell High School,Southwest,09-12,0,Not English Learner,ACT English subtest,36.6
Charlotte-Mecklenburg Schools,600415,Hopewell High School,Southwest,09-12,0,Not Student with Disabilities,ACT English subtest,36
Charlotte-Mecklenburg Schools,600415,Hopewell High School,Southwest,09-12,0,Students With Disabilities,ACT English subtest,14.3
Charlotte-Mecklenburg Schools,600415,Hopewell High School,Southwest,09-12,0,White,ACT English subtest,68.4
Charlotte-Mecklenburg Schools,600415,Hopewell High School,Southwest,09-12,0,Academically or Intellectually Gifted,ACT Math subtest,81.1
Charlotte-Mecklenburg Schools,600415,Hopewell High School,Southwest,09-12,0,All Students,ACT Math subtest,24.8
Charlotte-Mecklenburg Schools,600415,Hopewell High School,Southwest,09-12,0,Black,ACT Math subtest,13.9
Charlotte-Mecklenburg Schools,600415,Hopewell High School,Southwest,09-12,0,Economically Disadvantaged,ACT Math subtest,15.4
Charlotte-Mecklenburg Schools,600415,Hopewell High School,Southwest,09-12,0,English Learner,ACT Math subtest,<5
Charlotte-Mecklenburg Schools,600415,Hopewell High School,Southwest,09-12,0,Female,ACT Math subtest,20.7
Charlotte-Mecklenburg Schools,600415,Hopewell High School,Southwest,09-12,0,Hispanic,ACT Math subtest,14.9
Charlotte-Mecklenburg Schools,600415,Hopewell High School,Southwest,09-12,0,Male,ACT Math subtest,28.9
Charlotte-Mecklenburg Schools,600415,Hopewell High School,Southwest,09-12,0,Two or More Races,ACT Math subtest,33.3
Charlotte-Mecklenburg Schools,600415,Hopewell High School,Southwest,09-12,0,Not Academically or Intellectually Gifted,ACT Math subtest,19.2
Charlotte-Mecklenburg Schools,600415,Hopewell High School,Southwest,09-12,0,Not Economically Disadvantaged,ACT Math subtest,30.2
Charlotte-Mecklenburg Schools,600415,Hopewell High School,Southwest,09-12,0,Not English Learner,ACT Math subtest,26.6
Charlotte-Mecklenburg Schools,600415,Hopewell High School,Southwest,09-12,0,Not Student with Disabilities,ACT Math subtest,25.3
Charlotte-Mecklenburg Schools,600415,Hopewell High School,Southwest,09-12,0,Students With Disabilities,ACT Math subtest,17.9
Charlotte-Mecklenburg Schools,600415,Hopewell High School,Southwest,09-12,0,White,ACT Math subtest,51.6
Charlotte-Mecklenburg Schools,600415,Hopewell High School,Southwest,09-12,0,Academically or Intellectually Gifted,ACT Reading subtest,78.4
Charlotte-Mecklenburg Schools,600415,Hopewell High School,Southwest,09-12,0,All Students,ACT Reading subtest,25.8
Charlotte-Mecklenburg Schools,600415,Hopewell High School,Southwest,09-12,0,Black,ACT Reading subtest,16.7
Charlotte-Mecklenburg Schools,600415,Hopewell High School,Southwest,09-12,0,Economically Disadvantaged,ACT Reading subtest,15.4
Charlotte-Mecklenburg Schools,600415,Hopewell High School,Southwest,09-12,0,English Learner,ACT Reading subtest,<5
Charlotte-Mecklenburg Schools,600415,Hopewell High School,Southwest,09-12,0,Female,ACT Reading subtest,30.2
Charlotte-Mecklenburg Schools,600415,Hopewell High School,Southwest,09-12,0,Hispanic,ACT Reading subtest,16.4
Charlotte-Mecklenburg Schools,600415,Hopewell High School,Southwest,09-12,0,Male,ACT Reading subtest,21.5
Charlotte-Mecklenburg Schools,600415,Hopewell High School,Southwest,09-12,0,Two or More Races,ACT Reading subtest,18.2
Charlotte-Mecklenburg Schools,600415,Hopewell High School,Southwest,09-12,0,Not Academically or Intellectually Gifted,ACT Reading subtest,20.5
Charlotte-Mecklenburg Schools,600415,Hopewell High School,Southwest,09-12,0,Not Economically Disadvantaged,ACT Reading subtest,31.8
Charlotte-Mecklenburg Schools,600415,Hopewell High School,Southwest,09-12,0,Not English Learner,ACT Reading subtest,27.7
Charlotte-Mecklenburg Schools,600415,Hopewell High School,Southwest,09-12,0,Not Student with Disabilities,ACT Reading subtest,26.9
Charlotte-Mecklenburg Schools,600415,Hopewell High School,Southwest,09-12,0,Students With Disabilities,ACT Reading subtest,10.7
Charlotte-Mecklenburg Schools,600415,Hopewell High School,Southwest,09-12,0,White,ACT Reading subtest,54.7
Charlotte-Mecklenburg Schools,600415,Hopewell High School,Southwest,09-12,0,Academically or Intellectually Gifted,ACT Science subtest,73
Charlotte-Mecklenburg Schools,600415,Hopewell High School,Southwest,09-12,0,All Students,ACT Science subtest,16.6
Charlotte-Mecklenburg Schools,600415,Hopewell High School,Southwest,09-12,0,Black,ACT Science subtest,6.2
Charlotte-Mecklenburg Schools,600415,Hopewell High School,Southwest,09-12,0,Economically Disadvantaged,ACT Science subtest,9.3
Charlotte-Mecklenburg Schools,600415,Hopewell High School,Southwest,09-12,0,English Learner,ACT Science subtest,<5
Charlotte-Mecklenburg Schools,600415,Hopewell High School,Southwest,09-12,0,Female,ACT Science subtest,13.7
Charlotte-Mecklenburg Schools,600415,Hopewell High School,Southwest,09-12,0,Hispanic,ACT Science subtest,12.2
Charlotte-Mecklenburg Schools,600415,Hopewell High School,Southwest,09-12,0,Male,ACT Science subtest,19.4
Charlotte-Mecklenburg Schools,600415,Hopewell High School,Southwest,09-12,0,Two or More Races,ACT Science subtest,13.6
Charlotte-Mecklenburg Schools,600415,Hopewell High School,Southwest,09-12,0,Not Academically or Intellectually Gifted,ACT Science subtest,11
Charlotte-Mecklenburg Schools,600415,Hopewell High School,Southwest,09-12,0,Not Economically Disadvantaged,ACT Science subtest,20.8
Charlotte-Mecklenburg Schools,600415,Hopewell High School,Southwest,09-12,0,Not English Learner,ACT Science subtest,17.8
Charlotte-Mecklenburg Schools,600415,Hopewell High School,Southwest,09-12,0,Not Student with Disabilities,ACT Science subtest,17.5
Charlotte-Mecklenburg Schools,600415,Hopewell High School,Southwest,09-12,0,Students With Disabilities,ACT Science subtest,<5
Charlotte-Mecklenburg Schools,600415,Hopewell High School,Southwest,09-12,0,White,ACT Science subtest,43.2
Charlotte-Mecklenburg Schools,600415,Hopewell High School,Southwest,09-12,0,Academically or Intellectually Gifted,All ACT subtest benchmarks (sum of benchmarks met),80.4
Charlotte-Mecklenburg Schools,600415,Hopewell High School,Southwest,09-12,0,All Students,All ACT subtest benchmarks (sum of benchmarks met),25.4
Charlotte-Mecklenburg Schools,600415,Hopewell High School,Southwest,09-12,0,Asian,All ACT subtest benchmarks (sum of benchmarks met),37.5
Charlotte-Mecklenburg Schools,600415,Hopewell High School,Southwest,09-12,0,Black,All ACT subtest benchmarks (sum of benchmarks met),15.2
Charlotte-Mecklenburg Schools,600415,Hopewell High School,Southwest,09-12,0,Economically Disadvantaged,All ACT subtest benchmarks (sum of benchmarks met),16.2
Charlotte-Mecklenburg Schools,600415,Hopewell High School,Southwest,09-12,0,English Learner,All ACT subtest benchmarks (sum of benchmarks met),<5
Charlotte-Mecklenburg Schools,600415,Hopewell High School,Southwest,09-12,0,Female,All ACT subtest benchmarks (sum of benchmarks met),25.7
Charlotte-Mecklenburg Schools,600415,Hopewell High School,Southwest,09-12,0,Hispanic,All ACT subtest benchmarks (sum of benchmarks met),16.9
Charlotte-Mecklenburg Schools,600415,Hopewell High School,Southwest,09-12,0,Homeless,All ACT subtest benchmarks (sum of benchmarks met),7.7
Charlotte-Mecklenburg Schools,600415,Hopewell High School,Southwest,09-12,0,Male,All ACT subtest benchmarks (sum of benchmarks met),25.2
Charlotte-Mecklenburg Schools,600415,Hopewell High School,Southwest,09-12,0,Two or More Races,All ACT subtest benchmarks (sum of benchmarks met),21.8
Charlotte-Mecklenburg Schools,600415,Hopewell High School,Southwest,09-12,0,Not Academically or Intellectually Gifted,All ACT subtest benchmarks (sum of benchmarks met),20
Charlotte-Mecklenburg Schools,600415,Hopewell High School,Southwest,09-12,0,Not Economically Disadvantaged,All ACT subtest benchmarks (sum of benchmarks met),30.8
Charlotte-Mecklenburg Schools,600415,Hopewell High School,Southwest,09-12,0,Not English Learner,All ACT subtest benchmarks (sum of benchmarks met),27.2
Charlotte-Mecklenburg Schools,600415,Hopewell High School,Southwest,09-12,0,Not Student with Disabilities,All ACT subtest benchmarks (sum of benchmarks met),26.5
Charlotte-Mecklenburg Schools,600415,Hopewell High School,Southwest,09-12,0,Students With Disabilities,All ACT subtest benchmarks (sum of benchmarks met),11.6
Charlotte-Mecklenburg Schools,600415,Hopewell High School,Southwest,09-12,0,White,All ACT subtest benchmarks (sum of benchmarks met),54.5
Charlotte-Mecklenburg Schools,600415,Hopewell High School,Southwest,09-12,0,Academically or Intellectually Gifted,Met all 4 ACT subtest benchmarks,62.2
Charlotte-Mecklenburg Schools,600415,Hopewell High School,Southwest,09-12,0,All Students,Met all 4 ACT subtest benchmarks,11.2
Charlotte-Mecklenburg Schools,600415,Hopewell High School,Southwest,09-12,0,Black,Met all 4 ACT subtest benchmarks,<5
Charlotte-Mecklenburg Schools,600415,Hopewell High School,Southwest,09-12,0,Economically Disadvantaged,Met all 4 ACT subtest benchmarks,7.5
Charlotte-Mecklenburg Schools,600415,Hopewell High School,Southwest,09-12,0,English Learner,Met all 4 ACT subtest benchmarks,<5
Charlotte-Mecklenburg Schools,600415,Hopewell High School,Southwest,09-12,0,Female,Met all 4 ACT subtest benchmarks,9.5
Charlotte-Mecklenburg Schools,600415,Hopewell High School,Southwest,09-12,0,Hispanic,Met all 4 ACT subtest benchmarks,8.2
Charlotte-Mecklenburg Schools,600415,Hopewell High School,Southwest,09-12,0,Male,Met all 4 ACT subtest benchmarks,12.9
Charlotte-Mecklenburg Schools,600415,Hopewell High School,Southwest,09-12,0,Two or More Races,Met all 4 ACT subtest benchmarks,9.5
Charlotte-Mecklenburg Schools,600415,Hopewell High School,Southwest,09-12,0,Not Academically or Intellectually Gifted,Met all 4 ACT subtest benchmarks,6
Charlotte-Mecklenburg Schools,600415,Hopewell High School,Southwest,09-12,0,Not Economically Disadvantaged,Met all 4 ACT subtest benchmarks,13.3
Charlotte-Mecklenburg Schools,600415,Hopewell High School,Southwest,09-12,0,Not English Learner,Met all 4 ACT subtest benchmarks,12
Charlotte-Mecklenburg Schools,600415,Hopewell High School,Southwest,09-12,0,Not Student with Disabilities,Met all 4 ACT subtest benchmarks,11.8
Charlotte-Mecklenburg Schools,600415,Hopewell High School,Southwest,09-12,0,Students With Disabilities,Met all 4 ACT subtest benchmarks,<5
Charlotte-Mecklenburg Schools,600415,Hopewell High School,Southwest,09-12,0,White,Met all 4 ACT subtest benchmarks,31.6
Charlotte-Mecklenburg Schools,600480,North Mecklenburg High School,Southwest,09-12,0,Academically or Intellectually Gifted,ACT composite score of 17 or higher,90.6
Charlotte-Mecklenburg Schools,600480,North Mecklenburg High School,Southwest,09-12,0,All Students,ACT composite score of 17 or higher,35
Charlotte-Mecklenburg Schools,600480,North Mecklenburg High School,Southwest,09-12,0,Asian,ACT composite score of 17 or higher,70
Charlotte-Mecklenburg Schools,600480,North Mecklenburg High School,Southwest,09-12,0,Black,ACT composite score of 17 or higher,35.9
Charlotte-Mecklenburg Schools,600480,North Mecklenburg High School,Southwest,09-12,0,Economically Disadvantaged,ACT composite score of 17 or higher,21.6
Charlotte-Mecklenburg Schools,600480,North Mecklenburg High School,Southwest,09-12,0,English Learner,ACT composite score of 17 or higher,<5
Charlotte-Mecklenburg Schools,600480,North Mecklenburg High School,Southwest,09-12,0,Female,ACT composite score of 17 or higher,39.3
Charlotte-Mecklenburg Schools,600480,North Mecklenburg High School,Southwest,09-12,0,Hispanic,ACT composite score of 17 or higher,22.1
Charlotte-Mecklenburg Schools,600480,North Mecklenburg High School,Southwest,09-12,0,Male,ACT composite score of 17 or higher,30.5
Charlotte-Mecklenburg Schools,600480,North Mecklenburg High School,Southwest,09-12,0,Two or More Races,ACT composite score of 17 or higher,38.5
Charlotte-Mecklenburg Schools,600480,North Mecklenburg High School,Southwest,09-12,0,Not Academically or Intellectually Gifted,ACT composite score of 17 or higher,29.6
Charlotte-Mecklenburg Schools,600480,North Mecklenburg High School,Southwest,09-12,0,Not Economically Disadvantaged,ACT composite score of 17 or higher,44.9
Charlotte-Mecklenburg Schools,600480,North Mecklenburg High School,Southwest,09-12,0,Not English Learner,ACT composite score of 17 or higher,39.9
Charlotte-Mecklenburg Schools,600480,North Mecklenburg High School,Southwest,09-12,0,Not Student with Disabilities,ACT composite score of 17 or higher,36.5
Charlotte-Mecklenburg Schools,600480,North Mecklenburg High School,Southwest,09-12,0,Students With Disabilities,ACT composite score of 17 or higher,10
Charlotte-Mecklenburg Schools,600480,North Mecklenburg High School,Southwest,09-12,0,White,ACT composite score of 17 or higher,66.7
Charlotte-Mecklenburg Schools,600480,North Mecklenburg High School,Southwest,09-12,0,Academically or Intellectually Gifted,ACT English subtest,87.5
Charlotte-Mecklenburg Schools,600480,North Mecklenburg High School,Southwest,09-12,0,All Students,ACT English subtest,22.9
Charlotte-Mecklenburg Schools,600480,North Mecklenburg High School,Southwest,09-12,0,Asian,ACT English subtest,54.5
Charlotte-Mecklenburg Schools,600480,North Mecklenburg High School,Southwest,09-12,0,Black,ACT English subtest,21.7
Charlotte-Mecklenburg Schools,600480,North Mecklenburg High School,Southwest,09-12,0,Economically Disadvantaged,ACT English subtest,10.5
Charlotte-Mecklenburg Schools,600480,North Mecklenburg High School,Southwest,09-12,0,English Learner,ACT English subtest,<5
Charlotte-Mecklenburg Schools,600480,North Mecklenburg High School,Southwest,09-12,0,Female,ACT English subtest,26.5
Charlotte-Mecklenburg Schools,600480,North Mecklenburg High School,Southwest,09-12,0,Hispanic,ACT English subtest,11.9
Charlotte-Mecklenburg Schools,600480,North Mecklenburg High School,Southwest,09-12,0,Male,ACT English subtest,19.4
Charlotte-Mecklenburg Schools,600480,North Mecklenburg High School,Southwest,09-12,0,Two or More Races,ACT English subtest,30.8
Charlotte-Mecklenburg Schools,600480,North Mecklenburg High School,Southwest,09-12,0,Not Academically or Intellectually Gifted,ACT English subtest,16.9
Charlotte-Mecklenburg Schools,600480,North Mecklenburg High School,Southwest,09-12,0,Not Economically Disadvantaged,ACT English subtest,32.4
Charlotte-Mecklenburg Schools,600480,North Mecklenburg High School,Southwest,09-12,0,Not English Learner,ACT English subtest,26.5
Charlotte-Mecklenburg Schools,600480,North Mecklenburg High School,Southwest,09-12,0,Not Student with Disabilities,ACT English subtest,24.4
Charlotte-Mecklenburg Schools,600480,North Mecklenburg High School,Southwest,09-12,0,Students With Disabilities,ACT English subtest,<5
Charlotte-Mecklenburg Schools,600480,North Mecklenburg High School,Southwest,09-12,0,White,ACT English subtest,64
Charlotte-Mecklenburg Schools,600480,North Mecklenburg High School,Southwest,09-12,0,Academically or Intellectually Gifted,ACT Math subtest,78.1
Charlotte-Mecklenburg Schools,600480,North Mecklenburg High School,Southwest,09-12,0,All Students,ACT Math subtest,14.9
Charlotte-Mecklenburg Schools,600480,North Mecklenburg High School,Southwest,09-12,0,Asian,ACT Math subtest,54.5
Charlotte-Mecklenburg Schools,600480,North Mecklenburg High School,Southwest,09-12,0,Black,ACT Math subtest,11.7
Charlotte-Mecklenburg Schools,600480,North Mecklenburg High School,Southwest,09-12,0,Economically Disadvantaged,ACT Math subtest,7
Charlotte-Mecklenburg Schools,600480,North Mecklenburg High School,Southwest,09-12,0,English Learner,ACT Math subtest,<5
Charlotte-Mecklenburg Schools,600480,North Mecklenburg High School,Southwest,09-12,0,Female,ACT Math subtest,14.6
Charlotte-Mecklenburg Schools,600480,North Mecklenburg High School,Southwest,09-12,0,Hispanic,ACT Math subtest,8.4
Charlotte-Mecklenburg Schools,600480,North Mecklenburg High School,Southwest,09-12,0,Male,ACT Math subtest,15.2
Charlotte-Mecklenburg Schools,600480,North Mecklenburg High School,Southwest,09-12,0,Two or More Races,ACT Math subtest,7.7
Charlotte-Mecklenburg Schools,600480,North Mecklenburg High School,Southwest,09-12,0,Not Academically or Intellectually Gifted,ACT Math subtest,8.9
Charlotte-Mecklenburg Schools,600480,North Mecklenburg High School,Southwest,09-12,0,Not Economically Disadvantaged,ACT Math subtest,20.9
Charlotte-Mecklenburg Schools,600480,North Mecklenburg High School,Southwest,09-12,0,Not English Learner,ACT Math subtest,17.1
Charlotte-Mecklenburg Schools,600480,North Mecklenburg High School,Southwest,09-12,0,Not Student with Disabilities,ACT Math subtest,15.6
Charlotte-Mecklenburg Schools,600480,North Mecklenburg High School,Southwest,09-12,0,Students With Disabilities,ACT Math subtest,<5
Charlotte-Mecklenburg Schools,600480,North Mecklenburg High School,Southwest,09-12,0,White,ACT Math subtest,56
Charlotte-Mecklenburg Schools,600480,North Mecklenburg High School,Southwest,09-12,0,Academically or Intellectually Gifted,ACT Reading subtest,78.1
Charlotte-Mecklenburg Schools,600480,North Mecklenburg High School,Southwest,09-12,0,All Students,ACT Reading subtest,22.1
Charlotte-Mecklenburg Schools,600480,North Mecklenburg High School,Southwest,09-12,0,Asian,ACT Reading subtest,60
Charlotte-Mecklenburg Schools,600480,North Mecklenburg High School,Southwest,09-12,0,Black,ACT Reading subtest,20.1
Charlotte-Mecklenburg Schools,600480,North Mecklenburg High School,Southwest,09-12,0,Economically Disadvantaged,ACT Reading subtest,10.9
Charlotte-Mecklenburg Schools,600480,North Mecklenburg High School,Southwest,09-12,0,English Learner,ACT Reading subtest,<5
Charlotte-Mecklenburg Schools,600480,North Mecklenburg High School,Southwest,09-12,0,Female,ACT Reading subtest,24.7
Charlotte-Mecklenburg Schools,600480,North Mecklenburg High School,Southwest,09-12,0,Hispanic,ACT Reading subtest,13.3
Charlotte-Mecklenburg Schools,600480,North Mecklenburg High School,Southwest,09-12,0,Male,ACT Reading subtest,19.4
Charlotte-Mecklenburg Schools,600480,North Mecklenburg High School,Southwest,09-12,0,Two or More Races,ACT Reading subtest,30.8
Charlotte-Mecklenburg Schools,600480,North Mecklenburg High School,Southwest,09-12,0,Not Academically or Intellectually Gifted,ACT Reading subtest,16.8
Charlotte-Mecklenburg Schools,600480,North Mecklenburg High School,Southwest,09-12,0,Not Economically Disadvantaged,ACT Reading subtest,30.5
Charlotte-Mecklenburg Schools,600480,North Mecklenburg High School,Southwest,09-12,0,Not English Learner,ACT Reading subtest,25.4
Charlotte-Mecklenburg Schools,600480,North Mecklenburg High School,Southwest,09-12,0,Not Student with Disabilities,ACT Reading subtest,22.8
Charlotte-Mecklenburg Schools,600480,North Mecklenburg High School,Southwest,09-12,0,Students With Disabilities,ACT Reading subtest,10
Charlotte-Mecklenburg Schools,600480,North Mecklenburg High School,Southwest,09-12,0,White,ACT Reading subtest,58.3
Charlotte-Mecklenburg Schools,600480,North Mecklenburg High School,Southwest,09-12,0,Academically or Intellectually Gifted,ACT Science subtest,78.1
Charlotte-Mecklenburg Schools,600480,North Mecklenburg High School,Southwest,09-12,0,All Students,ACT Science subtest,12.7
Charlotte-Mecklenburg Schools,600480,North Mecklenburg High School,Southwest,09-12,0,Asian,ACT Science subtest,60
Charlotte-Mecklenburg Schools,600480,North Mecklenburg High School,Southwest,09-12,0,Black,ACT Science subtest,8.8
Charlotte-Mecklenburg Schools,600480,North Mecklenburg High School,Southwest,09-12,0,Economically Disadvantaged,ACT Science subtest,<5
Charlotte-Mecklenburg Schools,600480,North Mecklenburg High School,Southwest,09-12,0,English Learner,ACT Science subtest,<5
Charlotte-Mecklenburg Schools,600480,North Mecklenburg High School,Southwest,09-12,0,Female,ACT Science subtest,12.3
Charlotte-Mecklenburg Schools,600480,North Mecklenburg High School,Southwest,09-12,0,Hispanic,ACT Science subtest,5.6
Charlotte-Mecklenburg Schools,600480,North Mecklenburg High School,Southwest,09-12,0,Male,ACT Science subtest,13.1
Charlotte-Mecklenburg Schools,600480,North Mecklenburg High School,Southwest,09-12,0,Two or More Races,ACT Science subtest,15.4
Charlotte-Mecklenburg Schools,600480,North Mecklenburg High School,Southwest,09-12,0,Not Academically or Intellectually Gifted,ACT Science subtest,6.5
Charlotte-Mecklenburg Schools,600480,North Mecklenburg High School,Southwest,09-12,0,Not Economically Disadvantaged,ACT Science subtest,19.4
Charlotte-Mecklenburg Schools,600480,North Mecklenburg High School,Southwest,09-12,0,Not English Learner,ACT Science subtest,14.6
Charlotte-Mecklenburg Schools,600480,North Mecklenburg High School,Southwest,09-12,0,Not Student with Disabilities,ACT Science subtest,13.5
Charlotte-Mecklenburg Schools,600480,North Mecklenburg High School,Southwest,09-12,0,Students With Disabilities,ACT Science subtest,<5
Charlotte-Mecklenburg Schools,600480,North Mecklenburg High School,Southwest,09-12,0,White,ACT Science subtest,58.3
Charlotte-Mecklenburg Schools,600480,North Mecklenburg High School,Southwest,09-12,0,Academically or Intellectually Gifted,All ACT subtest benchmarks (sum of benchmarks met),80.5
Charlotte-Mecklenburg Schools,600480,North Mecklenburg High School,Southwest,09-12,0,All Students,All ACT subtest benchmarks (sum of benchmarks met),18.2
Charlotte-Mecklenburg Schools,600480,North Mecklenburg High School,Southwest,09-12,0,Asian,All ACT subtest benchmarks (sum of benchmarks met),57.1
Charlotte-Mecklenburg Schools,600480,North Mecklenburg High School,Southwest,09-12,0,Black,All ACT subtest benchmarks (sum of benchmarks met),15.6
Charlotte-Mecklenburg Schools,600480,North Mecklenburg High School,Southwest,09-12,0,Economically Disadvantaged,All ACT subtest benchmarks (sum of benchmarks met),8
Charlotte-Mecklenburg Schools,600480,North Mecklenburg High School,Southwest,09-12,0,English Learner,All ACT subtest benchmarks (sum of benchmarks met),<5
Charlotte-Mecklenburg Schools,600480,North Mecklenburg High School,Southwest,09-12,0,Female,All ACT subtest benchmarks (sum of benchmarks met),19.5
Charlotte-Mecklenburg Schools,600480,North Mecklenburg High School,Southwest,09-12,0,Hispanic,All ACT subtest benchmarks (sum of benchmarks met),9.8
Charlotte-Mecklenburg Schools,600480,North Mecklenburg High School,Southwest,09-12,0,Male,All ACT subtest benchmarks (sum of benchmarks met),16.8
Charlotte-Mecklenburg Schools,600480,North Mecklenburg High School,Southwest,09-12,0,Two or More Races,All ACT subtest benchmarks (sum of benchmarks met),21.2
Charlotte-Mecklenburg Schools,600480,North Mecklenburg High School,Southwest,09-12,0,Not Academically or Intellectually Gifted,All ACT subtest benchmarks (sum of benchmarks met),12.3
Charlotte-Mecklenburg Schools,600480,North Mecklenburg High School,Southwest,09-12,0,Not Economically Disadvantaged,All ACT subtest benchmarks (sum of benchmarks met),25.8
Charlotte-Mecklenburg Schools,600480,North Mecklenburg High School,Southwest,09-12,0,Not English Learner,All ACT subtest benchmarks (sum of benchmarks met),20.9
Charlotte-Mecklenburg Schools,600480,North Mecklenburg High School,Southwest,09-12,0,Not Student with Disabilities,All ACT subtest benchmarks (sum of benchmarks met),19.1
Charlotte-Mecklenburg Schools,600480,North Mecklenburg High School,Southwest,09-12,0,Students With Disabilities,All ACT subtest benchmarks (sum of benchmarks met),<5
Charlotte-Mecklenburg Schools,600480,North Mecklenburg High School,Southwest,09-12,0,White,All ACT subtest benchmarks (sum of benchmarks met),59.2
Charlotte-Mecklenburg Schools,600480,North Mecklenburg High School,Southwest,09-12,0,Academically or Intellectually Gifted,Met all 4 ACT subtest benchmarks,62.5
Charlotte-Mecklenburg Schools,600480,North Mecklenburg High School,Southwest,09-12,0,All Students,Met all 4 ACT subtest benchmarks,7.8
Charlotte-Mecklenburg Schools,600480,North Mecklenburg High School,Southwest,09-12,0,Asian,Met all 4 ACT subtest benchmarks,60
Charlotte-Mecklenburg Schools,600480,North Mecklenburg High School,Southwest,09-12,0,Black,Met all 4 ACT subtest benchmarks,<5
Charlotte-Mecklenburg Schools,600480,North Mecklenburg High School,Southwest,09-12,0,Economically Disadvantaged,Met all 4 ACT subtest benchmarks,<5
Charlotte-Mecklenburg Schools,600480,North Mecklenburg High School,Southwest,09-12,0,English Learner,Met all 4 ACT subtest benchmarks,<5
Charlotte-Mecklenburg Schools,600480,North Mecklenburg High School,Southwest,09-12,0,Female,Met all 4 ACT subtest benchmarks,8.2
Charlotte-Mecklenburg Schools,600480,North Mecklenburg High School,Southwest,09-12,0,Hispanic,Met all 4 ACT subtest benchmarks,<5
Charlotte-Mecklenburg Schools,600480,North Mecklenburg High School,Southwest,09-12,0,Male,Met all 4 ACT subtest benchmarks,7.3
Charlotte-Mecklenburg Schools,600480,North Mecklenburg High School,Southwest,09-12,0,Two or More Races,Met all 4 ACT subtest benchmarks,<5
Charlotte-Mecklenburg Schools,600480,North Mecklenburg High School,Southwest,09-12,0,Not Academically or Intellectually Gifted,Met all 4 ACT subtest benchmarks,<5
Charlotte-Mecklenburg Schools,600480,North Mecklenburg High School,Southwest,09-12,0,Not Economically Disadvantaged,Met all 4 ACT subtest benchmarks,12.6
Charlotte-Mecklenburg Schools,600480,North Mecklenburg High School,Southwest,09-12,0,Not English Learner,Met all 4 ACT subtest benchmarks,8.9
Charlotte-Mecklenburg Schools,600480,North Mecklenburg High School,Southwest,09-12,0,Not Student with Disabilities,Met all 4 ACT subtest benchmarks,8.2
Charlotte-Mecklenburg Schools,600480,North Mecklenburg High School,Southwest,09-12,0,Students With Disabilities,Met all 4 ACT subtest benchmarks,<5
Charlotte-Mecklenburg Schools,600480,North Mecklenburg High School,Southwest,09-12,0,White,Met all 4 ACT subtest benchmarks,50
Charlotte-Mecklenburg Schools,600594,Merancas Middle College-CPCC,Southwest,11-13,0,Academically or Intellectually Gifted,ACT composite score of 17 or higher,>95
Charlotte-Mecklenburg Schools,600594,Merancas Middle College-CPCC,Southwest,11-13,0,All Students,ACT composite score of 17 or higher,93.9
Charlotte-Mecklenburg Schools,600594,Merancas Middle College-CPCC,Southwest,11-13,0,Black,ACT composite score of 17 or higher,89.5
Charlotte-Mecklenburg Schools,600594,Merancas Middle College-CPCC,Southwest,11-13,0,Economically Disadvantaged,ACT composite score of 17 or higher,92.9
Charlotte-Mecklenburg Schools,600594,Merancas Middle College-CPCC,Southwest,11-13,0,Female,ACT composite score of 17 or higher,85
Charlotte-Mecklenburg Schools,600594,Merancas Middle College-CPCC,Southwest,11-13,0,Male,ACT composite score of 17 or higher,>95
Charlotte-Mecklenburg Schools,600594,Merancas Middle College-CPCC,Southwest,11-13,0,Not Academically or Intellectually Gifted,ACT composite score of 17 or higher,89.7
Charlotte-Mecklenburg Schools,600594,Merancas Middle College-CPCC,Southwest,11-13,0,Not Economically Disadvantaged,ACT composite score of 17 or higher,94.3
Charlotte-Mecklenburg Schools,600594,Merancas Middle College-CPCC,Southwest,11-13,0,Not English Learner,ACT composite score of 17 or higher,93.9
Charlotte-Mecklenburg Schools,600594,Merancas Middle College-CPCC,Southwest,11-13,0,Not Student with Disabilities,ACT composite score of 17 or higher,93.9
Charlotte-Mecklenburg Schools,600594,Merancas Middle College-CPCC,Southwest,11-13,0,White,ACT composite score of 17 or higher,>95
Charlotte-Mecklenburg Schools,600594,Merancas Middle College-CPCC,Southwest,11-13,0,Academically or Intellectually Gifted,ACT English subtest,90
Charlotte-Mecklenburg Schools,600594,Merancas Middle College-CPCC,Southwest,11-13,0,All Students,ACT English subtest,71.4
Charlotte-Mecklenburg Schools,600594,Merancas Middle College-CPCC,Southwest,11-13,0,Black,ACT English subtest,57.9
Charlotte-Mecklenburg Schools,600594,Merancas Middle College-CPCC,Southwest,11-13,0,Economically Disadvantaged,ACT English subtest,85.7
Charlotte-Mecklenburg Schools,600594,Merancas Middle College-CPCC,Southwest,11-13,0,Female,ACT English subtest,55
Charlotte-Mecklenburg Schools,600594,Merancas Middle College-CPCC,Southwest,11-13,0,Male,ACT English subtest,82.8
Charlotte-Mecklenburg Schools,600594,Merancas Middle College-CPCC,Southwest,11-13,0,Not Academically or Intellectually Gifted,ACT English subtest,58.6
Charlotte-Mecklenburg Schools,600594,Merancas Middle College-CPCC,Southwest,11-13,0,Not Economically Disadvantaged,ACT English subtest,65.7
Charlotte-Mecklenburg Schools,600594,Merancas Middle College-CPCC,Southwest,11-13,0,Not English Learner,ACT English subtest,71.4
Charlotte-Mecklenburg Schools,600594,Merancas Middle College-CPCC,Southwest,11-13,0,Not Student with Disabilities,ACT English subtest,71.4
Charlotte-Mecklenburg Schools,600594,Merancas Middle College-CPCC,Southwest,11-13,0,White,ACT English subtest,90
Charlotte-Mecklenburg Schools,600594,Merancas Middle College-CPCC,Southwest,11-13,0,Academically or Intellectually Gifted,ACT Math subtest,75
Charlotte-Mecklenburg Schools,600594,Merancas Middle College-CPCC,Southwest,11-13,0,All Students,ACT Math subtest,59.2
Charlotte-Mecklenburg Schools,600594,Merancas Middle College-CPCC,Southwest,11-13,0,Black,ACT Math subtest,36.8
Charlotte-Mecklenburg Schools,600594,Merancas Middle College-CPCC,Southwest,11-13,0,Economically Disadvantaged,ACT Math subtest,57.1
Charlotte-Mecklenburg Schools,600594,Merancas Middle College-CPCC,Southwest,11-13,0,Female,ACT Math subtest,20
Charlotte-Mecklenburg Schools,600594,Merancas Middle College-CPCC,Southwest,11-13,0,Male,ACT Math subtest,86.2
Charlotte-Mecklenburg Schools,600594,Merancas Middle College-CPCC,Southwest,11-13,0,Not Academically or Intellectually Gifted,ACT Math subtest,48.3
Charlotte-Mecklenburg Schools,600594,Merancas Middle College-CPCC,Southwest,11-13,0,Not Economically Disadvantaged,ACT Math subtest,60
Charlotte-Mecklenburg Schools,600594,Merancas Middle College-CPCC,Southwest,11-13,0,Not English Learner,ACT Math subtest,59.2
Charlotte-Mecklenburg Schools,600594,Merancas Middle College-CPCC,Southwest,11-13,0,Not Student with Disabilities,ACT Math subtest,59.2
Charlotte-Mecklenburg Schools,600594,Merancas Middle College-CPCC,Southwest,11-13,0,White,ACT Math subtest,80
Charlotte-Mecklenburg Schools,600594,Merancas Middle College-CPCC,Southwest,11-13,0,Academically or Intellectually Gifted,ACT Reading subtest,90
Charlotte-Mecklenburg Schools,600594,Merancas Middle College-CPCC,Southwest,11-13,0,All Students,ACT Reading subtest,69.4
Charlotte-Mecklenburg Schools,600594,Merancas Middle College-CPCC,Southwest,11-13,0,Black,ACT Reading subtest,52.6
Charlotte-Mecklenburg Schools,600594,Merancas Middle College-CPCC,Southwest,11-13,0,Economically Disadvantaged,ACT Reading subtest,78.6
Charlotte-Mecklenburg Schools,600594,Merancas Middle College-CPCC,Southwest,11-13,0,Female,ACT Reading subtest,45
Charlotte-Mecklenburg Schools,600594,Merancas Middle College-CPCC,Southwest,11-13,0,Male,ACT Reading subtest,86.2
Charlotte-Mecklenburg Schools,600594,Merancas Middle College-CPCC,Southwest,11-13,0,Not Academically or Intellectually Gifted,ACT Reading subtest,55.2
Charlotte-Mecklenburg Schools,600594,Merancas Middle College-CPCC,Southwest,11-13,0,Not Economically Disadvantaged,ACT Reading subtest,65.7
Charlotte-Mecklenburg Schools,600594,Merancas Middle College-CPCC,Southwest,11-13,0,Not English Learner,ACT Reading subtest,69.4
Charlotte-Mecklenburg Schools,600594,Merancas Middle College-CPCC,Southwest,11-13,0,Not Student with Disabilities,ACT Reading subtest,69.4
Charlotte-Mecklenburg Schools,600594,Merancas Middle College-CPCC,Southwest,11-13,0,White,ACT Reading subtest,>95
Charlotte-Mecklenburg Schools,600594,Merancas Middle College-CPCC,Southwest,11-13,0,Academically or Intellectually Gifted,ACT Science subtest,75
Charlotte-Mecklenburg Schools,600594,Merancas Middle College-CPCC,Southwest,11-13,0,All Students,ACT Science subtest,53.1
Charlotte-Mecklenburg Schools,600594,Merancas Middle College-CPCC,Southwest,11-13,0,Black,ACT Science subtest,42.1
Charlotte-Mecklenburg Schools,600594,Merancas Middle College-CPCC,Southwest,11-13,0,Economically Disadvantaged,ACT Science subtest,42.9
Charlotte-Mecklenburg Schools,600594,Merancas Middle College-CPCC,Southwest,11-13,0,Female,ACT Science subtest,30
Charlotte-Mecklenburg Schools,600594,Merancas Middle College-CPCC,Southwest,11-13,0,Male,ACT Science subtest,69
Charlotte-Mecklenburg Schools,600594,Merancas Middle College-CPCC,Southwest,11-13,0,Not Academically or Intellectually Gifted,ACT Science subtest,37.9
Charlotte-Mecklenburg Schools,600594,Merancas Middle College-CPCC,Southwest,11-13,0,Not Economically Disadvantaged,ACT Science subtest,57.1
Charlotte-Mecklenburg Schools,600594,Merancas Middle College-CPCC,Southwest,11-13,0,Not English Learner,ACT Science subtest,53.1
Charlotte-Mecklenburg Schools,600594,Merancas Middle College-CPCC,Southwest,11-13,0,Not Student with Disabilities,ACT Science subtest,53.1
Charlotte-Mecklenburg Schools,600594,Merancas Middle College-CPCC,Southwest,11-13,0,White,ACT Science subtest,50
Charlotte-Mecklenburg Schools,600594,Merancas Middle College-CPCC,Southwest,11-13,0,Academically or Intellectually Gifted,All ACT subtest benchmarks (sum of benchmarks met),82.5
Charlotte-Mecklenburg Schools,600594,Merancas Middle College-CPCC,Southwest,11-13,0,All Students,All ACT subtest benchmarks (sum of benchmarks met),63.3
Charlotte-Mecklenburg Schools,600594,Merancas Middle College-CPCC,Southwest,11-13,0,Asian,All ACT subtest benchmarks (sum of benchmarks met),87.5
Charlotte-Mecklenburg Schools,600594,Merancas Middle College-CPCC,Southwest,11-13,0,Black,All ACT subtest benchmarks (sum of benchmarks met),47.4
Charlotte-Mecklenburg Schools,600594,Merancas Middle College-CPCC,Southwest,11-13,0,Economically Disadvantaged,All ACT subtest benchmarks (sum of benchmarks met),66.1
Charlotte-Mecklenburg Schools,600594,Merancas Middle College-CPCC,Southwest,11-13,0,Female,All ACT subtest benchmarks (sum of benchmarks met),37.5
Charlotte-Mecklenburg Schools,600594,Merancas Middle College-CPCC,Southwest,11-13,0,Hispanic,All ACT subtest benchmarks (sum of benchmarks met),46.9
Charlotte-Mecklenburg Schools,600594,Merancas Middle College-CPCC,Southwest,11-13,0,Male,All ACT subtest benchmarks (sum of benchmarks met),81
Charlotte-Mecklenburg Schools,600594,Merancas Middle College-CPCC,Southwest,11-13,0,Two or More Races,All ACT subtest benchmarks (sum of benchmarks met),81.3
Charlotte-Mecklenburg Schools,600594,Merancas Middle College-CPCC,Southwest,11-13,0,Not Academically or Intellectually Gifted,All ACT subtest benchmarks (sum of benchmarks met),50
Charlotte-Mecklenburg Schools,600594,Merancas Middle College-CPCC,Southwest,11-13,0,Not Economically Disadvantaged,All ACT subtest benchmarks (sum of benchmarks met),62.1
Charlotte-Mecklenburg Schools,600594,Merancas Middle College-CPCC,Southwest,11-13,0,Not English Learner,All ACT subtest benchmarks (sum of benchmarks met),63.3
Charlotte-Mecklenburg Schools,600594,Merancas Middle College-CPCC,Southwest,11-13,0,Not Student with Disabilities,All ACT subtest benchmarks (sum of benchmarks met),63.3
Charlotte-Mecklenburg Schools,600594,Merancas Middle College-CPCC,Southwest,11-13,0,White,All ACT subtest benchmarks (sum of benchmarks met),80
Charlotte-Mecklenburg Schools,600594,Merancas Middle College-CPCC,Southwest,11-13,0,Academically or Intellectually Gifted,Met all 4 ACT subtest benchmarks,60
Charlotte-Mecklenburg Schools,600594,Merancas Middle College-CPCC,Southwest,11-13,0,All Students,Met all 4 ACT subtest benchmarks,42.9
Charlotte-Mecklenburg Schools,600594,Merancas Middle College-CPCC,Southwest,11-13,0,Black,Met all 4 ACT subtest benchmarks,21.1
Charlotte-Mecklenburg Schools,600594,Merancas Middle College-CPCC,Southwest,11-13,0,Economically Disadvantaged,Met all 4 ACT subtest benchmarks,35.7
Charlotte-Mecklenburg Schools,600594,Merancas Middle College-CPCC,Southwest,11-13,0,Female,Met all 4 ACT subtest benchmarks,15
Charlotte-Mecklenburg Schools,600594,Merancas Middle College-CPCC,Southwest,11-13,0,Male,Met all 4 ACT subtest benchmarks,62.1
Charlotte-Mecklenburg Schools,600594,Merancas Middle College-CPCC,Southwest,11-13,0,Not Academically or Intellectually Gifted,Met all 4 ACT subtest benchmarks,31
Charlotte-Mecklenburg Schools,600594,Merancas Middle College-CPCC,Southwest,11-13,0,Not Economically Disadvantaged,Met all 4 ACT subtest benchmarks,45.7
Charlotte-Mecklenburg Schools,600594,Merancas Middle College-CPCC,Southwest,11-13,0,Not English Learner,Met all 4 ACT subtest benchmarks,42.9
Charlotte-Mecklenburg Schools,600594,Merancas Middle College-CPCC,Southwest,11-13,0,Not Student with Disabilities,Met all 4 ACT subtest benchmarks,42.9
Charlotte-Mecklenburg Schools,600594,Merancas Middle College-CPCC,Southwest,11-13,0,White,Met all 4 ACT subtest benchmarks,50
Charter Schools,60D000,Lake Norman Charter,Southwest,0K-12,0,All Students,ACT composite score of 17 or higher,91.6
Charter Schools,60D000,Lake Norman Charter,Southwest,0K-12,0,Asian,ACT composite score of 17 or higher,95
Charter Schools,60D000,Lake Norman Charter,Southwest,0K-12,0,Black,ACT composite score of 17 or higher,81.8
Charter Schools,60D000,Lake Norman Charter,Southwest,0K-12,0,Economically Disadvantaged,ACT composite score of 17 or higher,57.1
Charter Schools,60D000,Lake Norman Charter,Southwest,0K-12,0,Female,ACT composite score of 17 or higher,93.9
Charter Schools,60D000,Lake Norman Charter,Southwest,0K-12,0,Hispanic,ACT composite score of 17 or higher,84.6
Charter Schools,60D000,Lake Norman Charter,Southwest,0K-12,0,Male,ACT composite score of 17 or higher,88
Charter Schools,60D000,Lake Norman Charter,Southwest,0K-12,0,Two or More Races,ACT composite score of 17 or higher,82.4
Charter Schools,60D000,Lake Norman Charter,Southwest,0K-12,0,Not Academically or Intellectually Gifted,ACT composite score of 17 or higher,91.6
Charter Schools,60D000,Lake Norman Charter,Southwest,0K-12,0,Not Economically Disadvantaged,ACT composite score of 17 or higher,94.3
Charter Schools,60D000,Lake Norman Charter,Southwest,0K-12,0,Not English Learner,ACT composite score of 17 or higher,91.6
Charter Schools,60D000,Lake Norman Charter,Southwest,0K-12,0,Not Student with Disabilities,ACT composite score of 17 or higher,91.5
Charter Schools,60D000,Lake Norman Charter,Southwest,0K-12,0,White,ACT composite score of 17 or higher,94.9
Charter Schools,60D000,Lake Norman Charter,Southwest,0K-12,0,All Students,ACT English subtest,76.3
Charter Schools,60D000,Lake Norman Charter,Southwest,0K-12,0,Asian,ACT English subtest,85
Charter Schools,60D000,Lake Norman Charter,Southwest,0K-12,0,Black,ACT English subtest,72.7
Charter Schools,60D000,Lake Norman Charter,Southwest,0K-12,0,Economically Disadvantaged,ACT English subtest,42.9
Charter Schools,60D000,Lake Norman Charter,Southwest,0K-12,0,Female,ACT English subtest,78.3
Charter Schools,60D000,Lake Norman Charter,Southwest,0K-12,0,Hispanic,ACT English subtest,69.2
Charter Schools,60D000,Lake Norman Charter,Southwest,0K-12,0,Male,ACT English subtest,73.3
Charter Schools,60D000,Lake Norman Charter,Southwest,0K-12,0,Two or More Races,ACT English subtest,64.7
Charter Schools,60D000,Lake Norman Charter,Southwest,0K-12,0,Not Academically or Intellectually Gifted,ACT English subtest,76.3
Charter Schools,60D000,Lake Norman Charter,Southwest,0K-12,0,Not Economically Disadvantaged,ACT English subtest,79
Charter Schools,60D000,Lake Norman Charter,Southwest,0K-12,0,Not English Learner,ACT English subtest,76.3
Charter Schools,60D000,Lake Norman Charter,Southwest,0K-12,0,Not Student with Disabilities,ACT English subtest,76.6
Charter Schools,60D000,Lake Norman Charter,Southwest,0K-12,0,White,ACT English subtest,78
Charter Schools,60D000,Lake Norman Charter,Southwest,0K-12,0,All Students,ACT Math subtest,63.2
Charter Schools,60D000,Lake Norman Charter,Southwest,0K-12,0,Asian,ACT Math subtest,85
Charter Schools,60D000,Lake Norman Charter,Southwest,0K-12,0,Black,ACT Math subtest,31.8
Charter Schools,60D000,Lake Norman Charter,Southwest,0K-12,0,Economically Disadvantaged,ACT Math subtest,<5
Charter Schools,60D000,Lake Norman Charter,Southwest,0K-12,0,Female,ACT Math subtest,63.5
Charter Schools,60D000,Lake Norman Charter,Southwest,0K-12,0,Hispanic,ACT Math subtest,61.5
Charter Schools,60D000,Lake Norman Charter,Southwest,0K-12,0,Male,ACT Math subtest,62.7
Charter Schools,60D000,Lake Norman Charter,Southwest,0K-12,0,Two or More Races,ACT Math subtest,41.2
Charter Schools,60D000,Lake Norman Charter,Southwest,0K-12,0,Not Academically or Intellectually Gifted,ACT Math subtest,63.2
Charter Schools,60D000,Lake Norman Charter,Southwest,0K-12,0,Not Economically Disadvantaged,ACT Math subtest,68.2
Charter Schools,60D000,Lake Norman Charter,Southwest,0K-12,0,Not English Learner,ACT Math subtest,63.2
Charter Schools,60D000,Lake Norman Charter,Southwest,0K-12,0,Not Student with Disabilities,ACT Math subtest,63.3
Charter Schools,60D000,Lake Norman Charter,Southwest,0K-12,0,White,ACT Math subtest,68.6
Charter Schools,60D000,Lake Norman Charter,Southwest,0K-12,0,All Students,ACT Reading subtest,69.5
Charter Schools,60D000,Lake Norman Charter,Southwest,0K-12,0,Asian,ACT Reading subtest,85
Charter Schools,60D000,Lake Norman Charter,Southwest,0K-12,0,Black,ACT Reading subtest,59.1
Charter Schools,60D000,Lake Norman Charter,Southwest,0K-12,0,Economically Disadvantaged,ACT Reading subtest,35.7
Charter Schools,60D000,Lake Norman Charter,Southwest,0K-12,0,Female,ACT Reading subtest,73
Charter Schools,60D000,Lake Norman Charter,Southwest,0K-12,0,Hispanic,ACT Reading subtest,53.8
Charter Schools,60D000,Lake Norman Charter,Southwest,0K-12,0,Male,ACT Reading subtest,64
Charter Schools,60D000,Lake Norman Charter,Southwest,0K-12,0,Two or More Races,ACT Reading subtest,76.5
Charter Schools,60D000,Lake Norman Charter,Southwest,0K-12,0,Not Academically or Intellectually Gifted,ACT Reading subtest,69.5
Charter Schools,60D000,Lake Norman Charter,Southwest,0K-12,0,Not Economically Disadvantaged,ACT Reading subtest,72.2
Charter Schools,60D000,Lake Norman Charter,Southwest,0K-12,0,Not English Learner,ACT Reading subtest,69.5
Charter Schools,60D000,Lake Norman Charter,Southwest,0K-12,0,Not Student with Disabilities,ACT Reading subtest,69.7
Charter Schools,60D000,Lake Norman Charter,Southwest,0K-12,0,White,ACT Reading subtest,69.5
Charter Schools,60D000,Lake Norman Charter,Southwest,0K-12,0,All Students,ACT Science subtest,51.6
Charter Schools,60D000,Lake Norman Charter,Southwest,0K-12,0,Asian,ACT Science subtest,75
Charter Schools,60D000,Lake Norman Charter,Southwest,0K-12,0,Black,ACT Science subtest,31.8
Charter Schools,60D000,Lake Norman Charter,Southwest,0K-12,0,Economically Disadvantaged,ACT Science subtest,21.4
Charter Schools,60D000,Lake Norman Charter,Southwest,0K-12,0,Female,ACT Science subtest,53.9
Charter Schools,60D000,Lake Norman Charter,Southwest,0K-12,0,Hispanic,ACT Science subtest,30.8
Charter Schools,60D000,Lake Norman Charter,Southwest,0K-12,0,Male,ACT Science subtest,48
Charter Schools,60D000,Lake Norman Charter,Southwest,0K-12,0,Two or More Races,ACT Science subtest,35.3
Charter Schools,60D000,Lake Norman Charter,Southwest,0K-12,0,Not Academically or Intellectually Gifted,ACT Science subtest,51.6
Charter Schools,60D000,Lake Norman Charter,Southwest,0K-12,0,Not Economically Disadvantaged,ACT Science subtest,54
Charter Schools,60D000,Lake Norman Charter,Southwest,0K-12,0,Not English Learner,ACT Science subtest,51.6
Charter Schools,60D000,Lake Norman Charter,Southwest,0K-12,0,Not Student with Disabilities,ACT Science subtest,51.6
Charter Schools,60D000,Lake Norman Charter,Southwest,0K-12,0,White,ACT Science subtest,55.9
Charter Schools,60D000,Lake Norman Charter,Southwest,0K-12,0,All Students,All ACT subtest benchmarks (sum of benchmarks met),65.1
Charter Schools,60D000,Lake Norman Charter,Southwest,0K-12,0,Asian,All ACT subtest benchmarks (sum of benchmarks met),82.5
Charter Schools,60D000,Lake Norman Charter,Southwest,0K-12,0,Black,All ACT subtest benchmarks (sum of benchmarks met),48.9
Charter Schools,60D000,Lake Norman Charter,Southwest,0K-12,0,Economically Disadvantaged,All ACT subtest benchmarks (sum of benchmarks met),25
Charter Schools,60D000,Lake Norman Charter,Southwest,0K-12,0,Female,All ACT subtest benchmarks (sum of benchmarks met),67.2
Charter Schools,60D000,Lake Norman Charter,Southwest,0K-12,0,Hispanic,All ACT subtest benchmarks (sum of benchmarks met),53.8
Charter Schools,60D000,Lake Norman Charter,Southwest,0K-12,0,Male,All ACT subtest benchmarks (sum of benchmarks met),62
Charter Schools,60D000,Lake Norman Charter,Southwest,0K-12,0,Military Connected,All ACT subtest benchmarks (sum of benchmarks met),41.7
Charter Schools,60D000,Lake Norman Charter,Southwest,0K-12,0,Two or More Races,All ACT subtest benchmarks (sum of benchmarks met),54.4
Charter Schools,60D000,Lake Norman Charter,Southwest,0K-12,0,Not Academically or Intellectually Gifted,All ACT subtest benchmarks (sum of benchmarks met),65.1
Charter Schools,60D000,Lake Norman Charter,Southwest,0K-12,0,Not Economically Disadvantaged,All ACT subtest benchmarks (sum of benchmarks met),68.3
Charter Schools,60D000,Lake Norman Charter,Southwest,0K-12,0,Not English Learner,All ACT subtest benchmarks (sum of benchmarks met),65.1
Charter Schools,60D000,Lake Norman Charter,Southwest,0K-12,0,Not Student with Disabilities,All ACT subtest benchmarks (sum of benchmarks met),65.3
Charter Schools,60D000,Lake Norman Charter,Southwest,0K-12,0,White,All ACT subtest benchmarks (sum of benchmarks met),68
Charter Schools,60D000,Lake Norman Charter,Southwest,0K-12,0,All Students,Met all 4 ACT subtest benchmarks,39.5
Charter Schools,60D000,Lake Norman Charter,Southwest,0K-12,0,Asian,Met all 4 ACT subtest benchmarks,55
Charter Schools,60D000,Lake Norman Charter,Southwest,0K-12,0,Black,Met all 4 ACT subtest benchmarks,18.2
Charter Schools,60D000,Lake Norman Charter,Southwest,0K-12,0,Economically Disadvantaged,Met all 4 ACT subtest benchmarks,<5
Charter Schools,60D000,Lake Norman Charter,Southwest,0K-12,0,Female,Met all 4 ACT subtest benchmarks,39.1
Charter Schools,60D000,Lake Norman Charter,Southwest,0K-12,0,Hispanic,Met all 4 ACT subtest benchmarks,23.1
Charter Schools,60D000,Lake Norman Charter,Southwest,0K-12,0,Male,Met all 4 ACT subtest benchmarks,40
Charter Schools,60D000,Lake Norman Charter,Southwest,0K-12,0,Two or More Races,Met all 4 ACT subtest benchmarks,23.5
Charter Schools,60D000,Lake Norman Charter,Southwest,0K-12,0,Not Academically or Intellectually Gifted,Met all 4 ACT subtest benchmarks,39.5
Charter Schools,60D000,Lake Norman Charter,Southwest,0K-12,0,Not Economically Disadvantaged,Met all 4 ACT subtest benchmarks,42.6
Charter Schools,60D000,Lake Norman Charter,Southwest,0K-12,0,Not English Learner,Met all 4 ACT subtest benchmarks,39.5
Charter Schools,60D000,Lake Norman Charter,Southwest,0K-12,0,Not Student with Disabilities,Met all 4 ACT subtest benchmarks,39.4
Charter Schools,60D000,Lake Norman Charter,Southwest,0K-12,0,White,Met all 4 ACT subtest benchmarks,44.9
Charter Schools,60I000,Community School of Davidson,Southwest,0K-12,0,All Students,ACT composite score of 17 or higher,85.7
Charter Schools,60I000,Community School of Davidson,Southwest,0K-12,0,Economically Disadvantaged,ACT composite score of 17 or higher,57.9
Charter Schools,60I000,Community School of Davidson,Southwest,0K-12,0,Female,ACT composite score of 17 or higher,85.1
Charter Schools,60I000,Community School of Davidson,Southwest,0K-12,0,Hispanic,ACT composite score of 17 or higher,66.7
Charter Schools,60I000,Community School of Davidson,Southwest,0K-12,0,Male,ACT composite score of 17 or higher,86.4
Charter Schools,60I000,Community School of Davidson,Southwest,0K-12,0,Not Academically or Intellectually Gifted,ACT composite score of 17 or higher,85.7
Charter Schools,60I000,Community School of Davidson,Southwest,0K-12,0,Not Economically Disadvantaged,ACT composite score of 17 or higher,90.4
Charter Schools,60I000,Community School of Davidson,Southwest,0K-12,0,Not English Learner,ACT composite score of 17 or higher,86.9
Charter Schools,60I000,Community School of Davidson,Southwest,0K-12,0,Not Student with Disabilities,ACT composite score of 17 or higher,90.7
Charter Schools,60I000,Community School of Davidson,Southwest,0K-12,0,Students With Disabilities,ACT composite score of 17 or higher,46.7
Charter Schools,60I000,Community School of Davidson,Southwest,0K-12,0,White,ACT composite score of 17 or higher,88.8
Charter Schools,60I000,Community School of Davidson,Southwest,0K-12,0,All Students,ACT English subtest,72.2
Charter Schools,60I000,Community School of Davidson,Southwest,0K-12,0,Economically Disadvantaged,ACT English subtest,47.4
Charter Schools,60I000,Community School of Davidson,Southwest,0K-12,0,Female,ACT English subtest,76.1
Charter Schools,60I000,Community School of Davidson,Southwest,0K-12,0,Hispanic,ACT English subtest,53.3
Charter Schools,60I000,Community School of Davidson,Southwest,0K-12,0,Male,ACT English subtest,68.2
Charter Schools,60I000,Community School of Davidson,Southwest,0K-12,0,Not Academically or Intellectually Gifted,ACT English subtest,72.2
Charter Schools,60I000,Community School of Davidson,Southwest,0K-12,0,Not Economically Disadvantaged,ACT English subtest,76.3
Charter Schools,60I000,Community School of Davidson,Southwest,0K-12,0,Not English Learner,ACT English subtest,73.8
Charter Schools,60I000,Community School of Davidson,Southwest,0K-12,0,Not Student with Disabilities,ACT English subtest,78
Charter Schools,60I000,Community School of Davidson,Southwest,0K-12,0,Students With Disabilities,ACT English subtest,26.7
Charter Schools,60I000,Community School of Davidson,Southwest,0K-12,0,White,ACT English subtest,75.7
Charter Schools,60I000,Community School of Davidson,Southwest,0K-12,0,All Students,ACT Math subtest,57.1
Charter Schools,60I000,Community School of Davidson,Southwest,0K-12,0,Economically Disadvantaged,ACT Math subtest,31.6
Charter Schools,60I000,Community School of Davidson,Southwest,0K-12,0,Female,ACT Math subtest,47.8
Charter Schools,60I000,Community School of Davidson,Southwest,0K-12,0,Hispanic,ACT Math subtest,26.7
Charter Schools,60I000,Community School of Davidson,Southwest,0K-12,0,Male,ACT Math subtest,66.7
Charter Schools,60I000,Community School of Davidson,Southwest,0K-12,0,Not Academically or Intellectually Gifted,ACT Math subtest,57.1
Charter Schools,60I000,Community School of Davidson,Southwest,0K-12,0,Not Economically Disadvantaged,ACT Math subtest,61.4
Charter Schools,60I000,Community School of Davidson,Southwest,0K-12,0,Not English Learner,ACT Math subtest,58.5
Charter Schools,60I000,Community School of Davidson,Southwest,0K-12,0,Not Student with Disabilities,ACT Math subtest,61.9
Charter Schools,60I000,Community School of Davidson,Southwest,0K-12,0,Students With Disabilities,ACT Math subtest,20
Charter Schools,60I000,Community School of Davidson,Southwest,0K-12,0,White,ACT Math subtest,59.8
Charter Schools,60I000,Community School of Davidson,Southwest,0K-12,0,All Students,ACT Reading subtest,57.9
Charter Schools,60I000,Community School of Davidson,Southwest,0K-12,0,Economically Disadvantaged,ACT Reading subtest,26.3
Charter Schools,60I000,Community School of Davidson,Southwest,0K-12,0,Female,ACT Reading subtest,64.2
Charter Schools,60I000,Community School of Davidson,Southwest,0K-12,0,Hispanic,ACT Reading subtest,26.7
Charter Schools,60I000,Community School of Davidson,Southwest,0K-12,0,Male,ACT Reading subtest,51.5
Charter Schools,60I000,Community School of Davidson,Southwest,0K-12,0,Not Academically or Intellectually Gifted,ACT Reading subtest,57.9
Charter Schools,60I000,Community School of Davidson,Southwest,0K-12,0,Not Economically Disadvantaged,ACT Reading subtest,63.2
Charter Schools,60I000,Community School of Davidson,Southwest,0K-12,0,Not English Learner,ACT Reading subtest,59.2
Charter Schools,60I000,Community School of Davidson,Southwest,0K-12,0,Not Student with Disabilities,ACT Reading subtest,61
Charter Schools,60I000,Community School of Davidson,Southwest,0K-12,0,Students With Disabilities,ACT Reading subtest,33.3
Charter Schools,60I000,Community School of Davidson,Southwest,0K-12,0,White,ACT Reading subtest,62.6
Charter Schools,60I000,Community School of Davidson,Southwest,0K-12,0,All Students,ACT Science subtest,49.6
Charter Schools,60I000,Community School of Davidson,Southwest,0K-12,0,Economically Disadvantaged,ACT Science subtest,26.3
Charter Schools,60I000,Community School of Davidson,Southwest,0K-12,0,Female,ACT Science subtest,41.8
Charter Schools,60I000,Community School of Davidson,Southwest,0K-12,0,Hispanic,ACT Science subtest,20
Charter Schools,60I000,Community School of Davidson,Southwest,0K-12,0,Male,ACT Science subtest,57.6
Charter Schools,60I000,Community School of Davidson,Southwest,0K-12,0,Not Academically or Intellectually Gifted,ACT Science subtest,49.6
Charter Schools,60I000,Community School of Davidson,Southwest,0K-12,0,Not Economically Disadvantaged,ACT Science subtest,53.5
Charter Schools,60I000,Community School of Davidson,Southwest,0K-12,0,Not English Learner,ACT Science subtest,50.8
Charter Schools,60I000,Community School of Davidson,Southwest,0K-12,0,Not Student with Disabilities,ACT Science subtest,54.2
Charter Schools,60I000,Community School of Davidson,Southwest,0K-12,0,Students With Disabilities,ACT Science subtest,13.3
Charter Schools,60I000,Community School of Davidson,Southwest,0K-12,0,White,ACT Science subtest,52.3
Charter Schools,60I000,Community School of Davidson,Southwest,0K-12,0,All Students,All ACT subtest benchmarks (sum of benchmarks met),59.2
Charter Schools,60I000,Community School of Davidson,Southwest,0K-12,0,Asian,All ACT subtest benchmarks (sum of benchmarks met),>95
Charter Schools,60I000,Community School of Davidson,Southwest,0K-12,0,Black,All ACT subtest benchmarks (sum of benchmarks met),18.8
Charter Schools,60I000,Community School of Davidson,Southwest,0K-12,0,Economically Disadvantaged,All ACT subtest benchmarks (sum of benchmarks met),32.9
Charter Schools,60I000,Community School of Davidson,Southwest,0K-12,0,English Learner,All ACT subtest benchmarks (sum of benchmarks met),<5
Charter Schools,60I000,Community School of Davidson,Southwest,0K-12,0,Female,All ACT subtest benchmarks (sum of benchmarks met),57.5
Charter Schools,60I000,Community School of Davidson,Southwest,0K-12,0,Hispanic,All ACT subtest benchmarks (sum of benchmarks met),31.7
Charter Schools,60I000,Community School of Davidson,Southwest,0K-12,0,Male,All ACT subtest benchmarks (sum of benchmarks met),61
Charter Schools,60I000,Community School of Davidson,Southwest,0K-12,0,Two or More Races,All ACT subtest benchmarks (sum of benchmarks met),75
Charter Schools,60I000,Community School of Davidson,Southwest,0K-12,0,Not Academically or Intellectually Gifted,All ACT subtest benchmarks (sum of benchmarks met),59.2
Charter Schools,60I000,Community School of Davidson,Southwest,0K-12,0,Not Economically Disadvantaged,All ACT subtest benchmarks (sum of benchmarks met),63.6
Charter Schools,60I000,Community School of Davidson,Southwest,0K-12,0,Not English Learner,All ACT subtest benchmarks (sum of benchmarks met),60.6
Charter Schools,60I000,Community School of Davidson,Southwest,0K-12,0,Not Student with Disabilities,All ACT subtest benchmarks (sum of benchmarks met),63.8
Charter Schools,60I000,Community School of Davidson,Southwest,0K-12,0,Students With Disabilities,All ACT subtest benchmarks (sum of benchmarks met),23.3
Charter Schools,60I000,Community School of Davidson,Southwest,0K-12,0,White,All ACT subtest benchmarks (sum of benchmarks met),62.6
Charter Schools,60I000,Community School of Davidson,Southwest,0K-12,0,All Students,Met all 4 ACT subtest benchmarks,31.6
Charter Schools,60I000,Community School of Davidson,Southwest,0K-12,0,Economically Disadvantaged,Met all 4 ACT subtest benchmarks,21.1
Charter Schools,60I000,Community School of Davidson,Southwest,0K-12,0,Female,Met all 4 ACT subtest benchmarks,28.4
Charter Schools,60I000,Community School of Davidson,Southwest,0K-12,0,Hispanic,Met all 4 ACT subtest benchmarks,6.7
Charter Schools,60I000,Community School of Davidson,Southwest,0K-12,0,Male,Met all 4 ACT subtest benchmarks,34.8
Charter Schools,60I000,Community School of Davidson,Southwest,0K-12,0,Not Academically or Intellectually Gifted,Met all 4 ACT subtest benchmarks,31.6
Charter Schools,60I000,Community School of Davidson,Southwest,0K-12,0,Not Economically Disadvantaged,Met all 4 ACT subtest benchmarks,33.3
Charter Schools,60I000,Community School of Davidson,Southwest,0K-12,0,Not English Learner,Met all 4 ACT subtest benchmarks,32.3
Charter Schools,60I000,Community School of Davidson,Southwest,0K-12,0,Not Student with Disabilities,Met all 4 ACT subtest benchmarks,34.7
Charter Schools,60I000,Community School of Davidson,Southwest,0K-12,0,Students With Disabilities,Met all 4 ACT subtest benchmarks,6.7
Charter Schools,60I000,Community School of Davidson,Southwest,0K-12,0,White,Met all 4 ACT subtest benchmarks,33.6
Charter Schools,62M000,Bonnie Cone Leadership Academy,Sandhills,0K-12,0,All Students,ACT composite score of 17 or higher,48.5
Charter Schools,62M000,Bonnie Cone Leadership Academy,Sandhills,0K-12,0,Black,ACT composite score of 17 or higher,55
Charter Schools,62M000,Bonnie Cone Leadership Academy,Sandhills,0K-12,0,Economically Disadvantaged,ACT composite score of 17 or higher,29.4
Charter Schools,62M000,Bonnie Cone Leadership Academy,Sandhills,0K-12,0,Female,ACT composite score of 17 or higher,62.5
Charter Schools,62M000,Bonnie Cone Leadership Academy,Sandhills,0K-12,0,Male,ACT composite score of 17 or higher,35.3
Charter Schools,62M000,Bonnie Cone Leadership Academy,Sandhills,0K-12,0,Not Academically or Intellectually Gifted,ACT composite score of 17 or higher,48.5
Charter Schools,62M000,Bonnie Cone Leadership Academy,Sandhills,0K-12,0,Not Economically Disadvantaged,ACT composite score of 17 or higher,68.8
Charter Schools,62M000,Bonnie Cone Leadership Academy,Sandhills,0K-12,0,Not English Learner,ACT composite score of 17 or higher,51.6
Charter Schools,62M000,Bonnie Cone Leadership Academy,Sandhills,0K-12,0,Not Student with Disabilities,ACT composite score of 17 or higher,55.2
Charter Schools,62M000,Bonnie Cone Leadership Academy,Sandhills,0K-12,0,All Students,ACT English subtest,33.3
Charter Schools,62M000,Bonnie Cone Leadership Academy,Sandhills,0K-12,0,Black,ACT English subtest,45
Charter Schools,62M000,Bonnie Cone Leadership Academy,Sandhills,0K-12,0,Economically Disadvantaged,ACT English subtest,23.5
Charter Schools,62M000,Bonnie Cone Leadership Academy,Sandhills,0K-12,0,Female,ACT English subtest,37.5
Charter Schools,62M000,Bonnie Cone Leadership Academy,Sandhills,0K-12,0,Male,ACT English subtest,29.4
Charter Schools,62M000,Bonnie Cone Leadership Academy,Sandhills,0K-12,0,Not Academically or Intellectually Gifted,ACT English subtest,33.3
Charter Schools,62M000,Bonnie Cone Leadership Academy,Sandhills,0K-12,0,Not Economically Disadvantaged,ACT English subtest,43.8
Charter Schools,62M000,Bonnie Cone Leadership Academy,Sandhills,0K-12,0,Not English Learner,ACT English subtest,35.5
Charter Schools,62M000,Bonnie Cone Leadership Academy,Sandhills,0K-12,0,Not Student with Disabilities,ACT English subtest,37.9
Charter Schools,62M000,Bonnie Cone Leadership Academy,Sandhills,0K-12,0,All Students,ACT Math subtest,12.1
Charter Schools,62M000,Bonnie Cone Leadership Academy,Sandhills,0K-12,0,Black,ACT Math subtest,20
Charter Schools,62M000,Bonnie Cone Leadership Academy,Sandhills,0K-12,0,Economically Disadvantaged,ACT Math subtest,5.9
Charter Schools,62M000,Bonnie Cone Leadership Academy,Sandhills,0K-12,0,Female,ACT Math subtest,18.8
Charter Schools,62M000,Bonnie Cone Leadership Academy,Sandhills,0K-12,0,Male,ACT Math subtest,5.9
Charter Schools,62M000,Bonnie Cone Leadership Academy,Sandhills,0K-12,0,Not Academically or Intellectually Gifted,ACT Math subtest,12.1
Charter Schools,62M000,Bonnie Cone Leadership Academy,Sandhills,0K-12,0,Not Economically Disadvantaged,ACT Math subtest,18.8
Charter Schools,62M000,Bonnie Cone Leadership Academy,Sandhills,0K-12,0,Not English Learner,ACT Math subtest,12.9
Charter Schools,62M000,Bonnie Cone Leadership Academy,Sandhills,0K-12,0,Not Student with Disabilities,ACT Math subtest,13.8
Charter Schools,62M000,Bonnie Cone Leadership Academy,Sandhills,0K-12,0,All Students,ACT Reading subtest,12.1
Charter Schools,62M000,Bonnie Cone Leadership Academy,Sandhills,0K-12,0,Black,ACT Reading subtest,20
Charter Schools,62M000,Bonnie Cone Leadership Academy,Sandhills,0K-12,0,Economically Disadvantaged,ACT Reading subtest,5.9
Charter Schools,62M000,Bonnie Cone Leadership Academy,Sandhills,0K-12,0,Female,ACT Reading subtest,18.8
Charter Schools,62M000,Bonnie Cone Leadership Academy,Sandhills,0K-12,0,Male,ACT Reading subtest,5.9
Charter Schools,62M000,Bonnie Cone Leadership Academy,Sandhills,0K-12,0,Not Academically or Intellectually Gifted,ACT Reading subtest,12.1
Charter Schools,62M000,Bonnie Cone Leadership Academy,Sandhills,0K-12,0,Not Economically Disadvantaged,ACT Reading subtest,18.8
Charter Schools,62M000,Bonnie Cone Leadership Academy,Sandhills,0K-12,0,Not English Learner,ACT Reading subtest,12.9
Charter Schools,62M000,Bonnie Cone Leadership Academy,Sandhills,0K-12,0,Not Student with Disabilities,ACT Reading subtest,13.8
Charter Schools,62M000,Bonnie Cone Leadership Academy,Sandhills,0K-12,0,All Students,ACT Science subtest,12.1
Charter Schools,62M000,Bonnie Cone Leadership Academy,Sandhills,0K-12,0,Black,ACT Science subtest,15
Charter Schools,62M000,Bonnie Cone Leadership Academy,Sandhills,0K-12,0,Economically Disadvantaged,ACT Science subtest,<5
Charter Schools,62M000,Bonnie Cone Leadership Academy,Sandhills,0K-12,0,Female,ACT Science subtest,25
Charter Schools,62M000,Bonnie Cone Leadership Academy,Sandhills,0K-12,0,Male,ACT Science subtest,<5
Charter Schools,62M000,Bonnie Cone Leadership Academy,Sandhills,0K-12,0,Not Academically or Intellectually Gifted,ACT Science subtest,12.1
Charter Schools,62M000,Bonnie Cone Leadership Academy,Sandhills,0K-12,0,Not Economically Disadvantaged,ACT Science subtest,25
Charter Schools,62M000,Bonnie Cone Leadership Academy,Sandhills,0K-12,0,Not English Learner,ACT Science subtest,12.9
Charter Schools,62M000,Bonnie Cone Leadership Academy,Sandhills,0K-12,0,Not Student with Disabilities,ACT Science subtest,13.8
Charter Schools,62M000,Bonnie Cone Leadership Academy,Sandhills,0K-12,0,All Students,All ACT subtest benchmarks (sum of benchmarks met),17.4
Charter Schools,62M000,Bonnie Cone Leadership Academy,Sandhills,0K-12,0,Black,All ACT subtest benchmarks (sum of benchmarks met),25
Charter Schools,62M000,Bonnie Cone Leadership Academy,Sandhills,0K-12,0,Economically Disadvantaged,All ACT subtest benchmarks (sum of benchmarks met),8.8
Charter Schools,62M000,Bonnie Cone Leadership Academy,Sandhills,0K-12,0,Female,All ACT subtest benchmarks (sum of benchmarks met),25
Charter Schools,62M000,Bonnie Cone Leadership Academy,Sandhills,0K-12,0,Hispanic,All ACT subtest benchmarks (sum of benchmarks met),12.5
Charter Schools,62M000,Bonnie Cone Leadership Academy,Sandhills,0K-12,0,Male,All ACT subtest benchmarks (sum of benchmarks met),10.3
Charter Schools,62M000,Bonnie Cone Leadership Academy,Sandhills,0K-12,0,Two or More Races,All ACT subtest benchmarks (sum of benchmarks met),<5
Charter Schools,62M000,Bonnie Cone Leadership Academy,Sandhills,0K-12,0,Not Academically or Intellectually Gifted,All ACT subtest benchmarks (sum of benchmarks met),17.4
Charter Schools,62M000,Bonnie Cone Leadership Academy,Sandhills,0K-12,0,Not Economically Disadvantaged,All ACT subtest benchmarks (sum of benchmarks met),26.6
Charter Schools,62M000,Bonnie Cone Leadership Academy,Sandhills,0K-12,0,Not English Learner,All ACT subtest benchmarks (sum of benchmarks met),18.5
Charter Schools,62M000,Bonnie Cone Leadership Academy,Sandhills,0K-12,0,Not Student with Disabilities,All ACT subtest benchmarks (sum of benchmarks met),19.8
Charter Schools,62M000,Bonnie Cone Leadership Academy,Sandhills,0K-12,0,Students With Disabilities,All ACT subtest benchmarks (sum of benchmarks met),<5
Charter Schools,62M000,Bonnie Cone Leadership Academy,Sandhills,0K-12,0,White,All ACT subtest benchmarks (sum of benchmarks met),5
Charter Schools,62M000,Bonnie Cone Leadership Academy,Sandhills,0K-12,0,All Students,Met all 4 ACT subtest benchmarks,6.1
Charter Schools,62M000,Bonnie Cone Leadership Academy,Sandhills,0K-12,0,Black,Met all 4 ACT subtest benchmarks,10
Charter Schools,62M000,Bonnie Cone Leadership Academy,Sandhills,0K-12,0,Economically Disadvantaged,Met all 4 ACT subtest benchmarks,<5
Charter Schools,62M000,Bonnie Cone Leadership Academy,Sandhills,0K-12,0,Female,Met all 4 ACT subtest benchmarks,12.5
Charter Schools,62M000,Bonnie Cone Leadership Academy,Sandhills,0K-12,0,Male,Met all 4 ACT subtest benchmarks,<5
Charter Schools,62M000,Bonnie Cone Leadership Academy,Sandhills,0K-12,0,Not Academically or Intellectually Gifted,Met all 4 ACT subtest benchmarks,6.1
Charter Schools,62M000,Bonnie Cone Leadership Academy,Sandhills,0K-12,0,Not Economically Disadvantaged,Met all 4 ACT subtest benchmarks,12.5
Charter Schools,62M000,Bonnie Cone Leadership Academy,Sandhills,0K-12,0,Not English Learner,Met all 4 ACT subtest benchmarks,6.5
Charter Schools,62M000,Bonnie Cone Leadership Academy,Sandhills,0K-12,0,Not Student with Disabilities,Met all 4 ACT subtest benchmarks,6.9
Charter Schools,62N000,Aspire Trade High,Sandhills,09-11,0,All Students,ACT composite score of 17 or higher,14.3
Charter Schools,62N000,Aspire Trade High,Sandhills,09-11,0,Black,ACT composite score of 17 or higher,7.1
Charter Schools,62N000,Aspire Trade High,Sandhills,09-11,0,Economically Disadvantaged,ACT composite score of 17 or higher,13
Charter Schools,62N000,Aspire Trade High,Sandhills,09-11,0,Female,ACT composite score of 17 or higher,27.3
Charter Schools,62N000,Aspire Trade High,Sandhills,09-11,0,Hispanic,ACT composite score of 17 or higher,7.7
Charter Schools,62N000,Aspire Trade High,Sandhills,09-11,0,Male,ACT composite score of 17 or higher,9.7
Charter Schools,62N000,Aspire Trade High,Sandhills,09-11,0,Not Academically or Intellectually Gifted,ACT composite score of 17 or higher,14.3
Charter Schools,62N000,Aspire Trade High,Sandhills,09-11,0,Not Economically Disadvantaged,ACT composite score of 17 or higher,15.8
Charter Schools,62N000,Aspire Trade High,Sandhills,09-11,0,Not English Learner,ACT composite score of 17 or higher,16.7
Charter Schools,62N000,Aspire Trade High,Sandhills,09-11,0,Not Student with Disabilities,ACT composite score of 17 or higher,20.7
Charter Schools,62N000,Aspire Trade High,Sandhills,09-11,0,Students With Disabilities,ACT composite score of 17 or higher,<5
Charter Schools,62N000,Aspire Trade High,Sandhills,09-11,0,White,ACT composite score of 17 or higher,30
Charter Schools,62N000,Aspire Trade High,Sandhills,09-11,0,All Students,ACT English subtest,7.1
Charter Schools,62N000,Aspire Trade High,Sandhills,09-11,0,Black,ACT English subtest,7.1
Charter Schools,62N000,Aspire Trade High,Sandhills,09-11,0,Economically Disadvantaged,ACT English subtest,8.7
Charter Schools,62N000,Aspire Trade High,Sandhills,09-11,0,Female,ACT English subtest,9.1
Charter Schools,62N000,Aspire Trade High,Sandhills,09-11,0,Hispanic,ACT English subtest,<5
Charter Schools,62N000,Aspire Trade High,Sandhills,09-11,0,Male,ACT English subtest,6.5
Charter Schools,62N000,Aspire Trade High,Sandhills,09-11,0,Not Academically or Intellectually Gifted,ACT English subtest,7.1
Charter Schools,62N000,Aspire Trade High,Sandhills,09-11,0,Not Economically Disadvantaged,ACT English subtest,5.3
Charter Schools,62N000,Aspire Trade High,Sandhills,09-11,0,Not English Learner,ACT English subtest,8.3
Charter Schools,62N000,Aspire Trade High,Sandhills,09-11,0,Not Student with Disabilities,ACT English subtest,10.3
Charter Schools,62N000,Aspire Trade High,Sandhills,09-11,0,Students With Disabilities,ACT English subtest,<5
Charter Schools,62N000,Aspire Trade High,Sandhills,09-11,0,White,ACT English subtest,20
Charter Schools,62N000,Aspire Trade High,Sandhills,09-11,0,All Students,ACT Math subtest,<5
Charter Schools,62N000,Aspire Trade High,Sandhills,09-11,0,Black,ACT Math subtest,<5
Charter Schools,62N000,Aspire Trade High,Sandhills,09-11,0,Economically Disadvantaged,ACT Math subtest,<5
Charter Schools,62N000,Aspire Trade High,Sandhills,09-11,0,Female,ACT Math subtest,<5
Charter Schools,62N000,Aspire Trade High,Sandhills,09-11,0,Hispanic,ACT Math subtest,<5
Charter Schools,62N000,Aspire Trade High,Sandhills,09-11,0,Male,ACT Math subtest,<5
Charter Schools,62N000,Aspire Trade High,Sandhills,09-11,0,Not Academically or Intellectually Gifted,ACT Math subtest,<5
Charter Schools,62N000,Aspire Trade High,Sandhills,09-11,0,Not Economically Disadvantaged,ACT Math subtest,<5
Charter Schools,62N000,Aspire Trade High,Sandhills,09-11,0,Not English Learner,ACT Math subtest,<5
Charter Schools,62N000,Aspire Trade High,Sandhills,09-11,0,Not Student with Disabilities,ACT Math subtest,<5
Charter Schools,62N000,Aspire Trade High,Sandhills,09-11,0,Students With Disabilities,ACT Math subtest,<5
Charter Schools,62N000,Aspire Trade High,Sandhills,09-11,0,White,ACT Math subtest,<5
Charter Schools,62N000,Aspire Trade High,Sandhills,09-11,0,All Students,ACT Reading subtest,7.1
Charter Schools,62N000,Aspire Trade High,Sandhills,09-11,0,Black,ACT Reading subtest,<5
Charter Schools,62N000,Aspire Trade High,Sandhills,09-11,0,Economically Disadvantaged,ACT Reading subtest,8.7
Charter Schools,62N000,Aspire Trade High,Sandhills,09-11,0,Female,ACT Reading subtest,18.2
Charter Schools,62N000,Aspire Trade High,Sandhills,09-11,0,Hispanic,ACT Reading subtest,<5
Charter Schools,62N000,Aspire Trade High,Sandhills,09-11,0,Male,ACT Reading subtest,<5
Charter Schools,62N000,Aspire Trade High,Sandhills,09-11,0,Not Academically or Intellectually Gifted,ACT Reading subtest,7.1
Charter Schools,62N000,Aspire Trade High,Sandhills,09-11,0,Not Economically Disadvantaged,ACT Reading subtest,5.3
Charter Schools,62N000,Aspire Trade High,Sandhills,09-11,0,Not English Learner,ACT Reading subtest,8.3
Charter Schools,62N000,Aspire Trade High,Sandhills,09-11,0,Not Student with Disabilities,ACT Reading subtest,10.3
Charter Schools,62N000,Aspire Trade High,Sandhills,09-11,0,Students With Disabilities,ACT Reading subtest,<5
Charter Schools,62N000,Aspire Trade High,Sandhills,09-11,0,White,ACT Reading subtest,20
Charter Schools,62N000,Aspire Trade High,Sandhills,09-11,0,All Students,ACT Science subtest,<5
Charter Schools,62N000,Aspire Trade High,Sandhills,09-11,0,Black,ACT Science subtest,<5
Charter Schools,62N000,Aspire Trade High,Sandhills,09-11,0,Economically Disadvantaged,ACT Science subtest,<5
Charter Schools,62N000,Aspire Trade High,Sandhills,09-11,0,Female,ACT Science subtest,<5
Charter Schools,62N000,Aspire Trade High,Sandhills,09-11,0,Hispanic,ACT Science subtest,<5
Charter Schools,62N000,Aspire Trade High,Sandhills,09-11,0,Male,ACT Science subtest,<5
Charter Schools,62N000,Aspire Trade High,Sandhills,09-11,0,Not Academically or Intellectually Gifted,ACT Science subtest,<5
Charter Schools,62N000,Aspire Trade High,Sandhills,09-11,0,Not Economically Disadvantaged,ACT Science subtest,<5
Charter Schools,62N000,Aspire Trade High,Sandhills,09-11,0,Not English Learner,ACT Science subtest,<5
Charter Schools,62N000,Aspire Trade High,Sandhills,09-11,0,Not Student with Disabilities,ACT Science subtest,<5
Charter Schools,62N000,Aspire Trade High,Sandhills,09-11,0,Students With Disabilities,ACT Science subtest,<5
Charter Schools,62N000,Aspire Trade High,Sandhills,09-11,0,White,ACT Science subtest,<5
Charter Schools,62N000,Aspire Trade High,Sandhills,09-11,0,All Students,All ACT subtest benchmarks (sum of benchmarks met),<5
Charter Schools,62N000,Aspire Trade High,Sandhills,09-11,0,Black,All ACT subtest benchmarks (sum of benchmarks met),<5
Charter Schools,62N000,Aspire Trade High,Sandhills,09-11,0,Economically Disadvantaged,All ACT subtest benchmarks (sum of benchmarks met),<5
Charter Schools,62N000,Aspire Trade High,Sandhills,09-11,0,English Learner,All ACT subtest benchmarks (sum of benchmarks met),<5
Charter Schools,62N000,Aspire Trade High,Sandhills,09-11,0,Female,All ACT subtest benchmarks (sum of benchmarks met),6.8
Charter Schools,62N000,Aspire Trade High,Sandhills,09-11,0,Hispanic,All ACT subtest benchmarks (sum of benchmarks met),<5
Charter Schools,62N000,Aspire Trade High,Sandhills,09-11,0,Male,All ACT subtest benchmarks (sum of benchmarks met),<5
Charter Schools,62N000,Aspire Trade High,Sandhills,09-11,0,Two or More Races,All ACT subtest benchmarks (sum of benchmarks met),5
Charter Schools,62N000,Aspire Trade High,Sandhills,09-11,0,Not Academically or Intellectually Gifted,All ACT subtest benchmarks (sum of benchmarks met),<5
Charter Schools,62N000,Aspire Trade High,Sandhills,09-11,0,Not Economically Disadvantaged,All ACT subtest benchmarks (sum of benchmarks met),<5
Charter Schools,62N000,Aspire Trade High,Sandhills,09-11,0,Not English Learner,All ACT subtest benchmarks (sum of benchmarks met),<5
Charter Schools,62N000,Aspire Trade High,Sandhills,09-11,0,Not Student with Disabilities,All ACT subtest benchmarks (sum of benchmarks met),5.2
Charter Schools,62N000,Aspire Trade High,Sandhills,09-11,0,Students With Disabilities,All ACT subtest benchmarks (sum of benchmarks met),<5
Charter Schools,62N000,Aspire Trade High,Sandhills,09-11,0,White,All ACT subtest benchmarks (sum of benchmarks met),10
Charter Schools,62N000,Aspire Trade High,Sandhills,09-11,0,All Students,Met all 4 ACT subtest benchmarks,<5
Charter Schools,62N000,Aspire Trade High,Sandhills,09-11,0,Black,Met all 4 ACT subtest benchmarks,<5
Charter Schools,62N000,Aspire Trade High,Sandhills,09-11,0,Economically Disadvantaged,Met all 4 ACT subtest benchmarks,<5
Charter Schools,62N000,Aspire Trade High,Sandhills,09-11,0,Female,Met all 4 ACT subtest benchmarks,<5
Charter Schools,62N000,Aspire Trade High,Sandhills,09-11,0,Hispanic,Met all 4 ACT subtest benchmarks,<5
Charter Schools,62N000,Aspire Trade High,Sandhills,09-11,0,Male,Met all 4 ACT subtest benchmarks,<5
Charter Schools,62N000,Aspire Trade High,Sandhills,09-11,0,Not Academically or Intellectually Gifted,Met all 4 ACT subtest benchmarks,<5
Charter Schools,62N000,Aspire Trade High,Sandhills,09-11,0,Not Economically Disadvantaged,Met all 4 ACT subtest benchmarks,<5
Charter Schools,62N000,Aspire Trade High,Sandhills,09-11,0,Not English Learner,Met all 4 ACT subtest benchmarks,<5
Charter Schools,62N000,Aspire Trade High,Sandhills,09-11,0,Not Student with Disabilities,Met all 4 ACT subtest benchmarks,<5
Charter Schools,62N000,Aspire Trade High,Sandhills,09-11,0,Students With Disabilities,Met all 4 ACT subtest benchmarks,<5
Charter Schools,62N000,Aspire Trade High,Sandhills,09-11,0,White,Met all 4 ACT subtest benchmarks,<5
