name1,street1,street2,city,state,zip,zip4,county,phone,website,latitude,longitude,type_facility,payment_accepted,services
A Caring Home Bonnies Home for Youth ,8616 Nations Ford Road,,Charlotte,NC,28217,,Mecklenburg,704-525-2840,https://www.drugrehabcharlotte.com/drug-rehab/NC/Charlotte/A-Caring-Home.htm,35.13976983,-80.89318632,Mental Health,"Cash or Self-Payment, Medicaid, Medicare, State Financed Health Insurance Plan Other Than Medicaid, Private Health Insurance, Military Insurance (e.g., Tricare), Access To Recovery (ATR) Voucher, U.S Department of VA Funds, Sliding Fee Scale, Payment Assistance",
A Caring Home - Mr Bills Place,8612 Nations Ford Road,,Charlotte,NC,28217,,Mecklenburg,704-525-2840,https://mentalhealthrehabs.com/treatment-center/mr-bills-place-charlotte/,,,Mental Health,Medicaid,
Absolute Advocacy LLC - Charlotte,1923 J N Pease Place Suite 102,Suite 102,Charlotte,NC,28262,,Mecklenburg,704-274-2978,https://www.absoluteadvocacy.org,35.3205583,-80.7725568,Substance Use,State Welfare or Child and Family Service Funds,"Substance Use Counseling, Online DWI (Driving While Intoxicated) Assessments & Classes"
Absolute Advocacy LLC - Concord,3 Union Street South,Suite 210,Concord,NC,28025,,Cabarrus,704-215-4095,https://www.absoluteadvocacy.org,35.4104957,-80.5810137,Substance Use,Self-payment,"Substance Use Counseling, Online DWI (Driving While Intoxicated) Assessments & Classes"
Addiction Recovery Medical Services,536 Signal Hill Drive Ext.,,Statesville,NC,28625,4391,Iredell,(704) 872-0234,https://www.medicarelist.com/mental-health/addiction-recovery-medical-services-statesville-nc/,35.802657,-80.851237,Opioid Treatment Programs,"Federal, or any government funding for substance use treatment programs, Medicare, Medicaid, Federal military insurance (e.g., TRICARE), Private health insurance, Cash or self-payment, State-financed health insurance plan other than Medicaid, SAMHSA funding/block grants",
Addiction Recovery Medical Services,536 Signal Hill Drive Extention,,Statesville,NC,28625,,Iredell,704-872-0234 x319,https://www.armscanhelp.com,35.8032413,-80.8512065,Substance Use,"Federal, or any government funding for substance use treatment programs, Medicare, Medicaid, Federal military insurance (e.g., TRICARE), Private health insurance, Cash or self-payment, State-financed health insurance plan other than Medicaid, SAMHSA funding/block grants",
Alexander Youth Network PRTF,6220 Thermal Road,,Charlotte,NC,28211,,Mecklenburg,704-366-8712,https://www.alexanderyouthnetwork.org,35.1581914,-80.7575986,Mental Health,"NC Medicaid Plans(Healthy Blue, Carolina Complete, WellCare, AmeriHealth Caritas) and Commercial Insurance (BCBSNC, United/Optum, Aetna, Magellan, MedCost)
","Mental and Behavioral Health Conditions in Children and Teens (Facility-Based Crisis Care, Residential Treatment, Transition House, Therapeutic Foster Care,  Day Treatment, Intensive Home Care, Multi-Systemic Therapy, Outpatient Therapy, Clinical Assessments, Care Management, 30-Day Assessment Program) "
Amity Medical Group Inc - N Tryon Rd,7945 N Tryon St Suite 112,,Charlotte,NC,28262,3587,Mecklenburg,704- 503-6336,https://www.amitymed.org,35.29693389,-80.7549387,Health Care Centers," Federal, or any government funding for substance use treatment programs, Medicare, Medicaid, Federal military insurance (e.g., TRICARE), Private health insurance, Cash or self-payment, State-financed health insurance plan other than Medicaid, SAMHSA funding/block grants","Behavioral Health, Primary Care and Internal Medicine, Care Support Programs, Financial Support Services, Care Management and Education, Pediatric Care, Respiratory Illness and Wellness, Personalized Services, HIV Care, Tele-Prep"
Amity Medical Group Inc - Randolph Rd,"2300 Randolph Rd, Suite A",,Charlotte,NC,28207,1127,Mecklenburg,704-372-9393,https://www.amitymed.org,35.20548921,-80.81987523,Health Care Centers," Federal, or any government funding for substance use treatment programs, Medicare, Medicaid, Federal military insurance (e.g., TRICARE), Private health insurance, Cash or self-payment, State-financed health insurance plan other than Medicaid, SAMHSA funding/block grants","Behavioral Health, Primary Care and Internal Medicine, Care Support Programs, Financial Support Services, Care Management and Education, Pediatric Care, Respiratory Illness and Wellness, Personalized Services, HIV Care, Tele-Prep"
Amity Medical Group Inc - Harris Blvd,6010 East W.T Harris Blvd,,Charlotte,NC,28215,4084,Mecklenburg,704-208-4134,https://www.amitymed.org,35.23488705,-80.73396843,Health Care Centers," Federal, or any government funding for substance use treatment programs, Medicare, Medicaid, Federal military insurance (e.g., TRICARE), Private health insurance, Cash or self-payment, State-financed health insurance plan other than Medicaid, SAMHSA funding/block grants","Behavioral Health, Primary Care and Internal Medicine, Care Support Programs, Financial Support Services, Care Management and Education, Pediatric Care, Respiratory Illness and Wellness, Personalized Services, HIV Care, Tele-Prep"
Amity Medical Group Inc - Monroe Rd,"9835 Monroe Rd, Suite B",,Charlotte,NC,28270,1471,Mecklenburg,704-322-4065,https://www.amitymed.org,35.13803241,-80.73797456,Health Care Centers," Federal, or any government funding for substance use treatment programs, Medicare, Medicaid, Federal military insurance (e.g., TRICARE), Private health insurance, Cash or self-payment, State-financed health insurance plan other than Medicaid, SAMHSA funding/block grants","Behavioral Health, Primary Care and Internal Medicine, Care Support Programs, Financial Support Services, Care Management and Education, Pediatric Care, Respiratory Illness and Wellness, Personalized Services, HIV Care, Tele-Prep"
"Amity Medical Group Inc - Dallas, NC",824 Lower Dallas Hwy,,Dallas,NC,28034,9368,Gaston ,704-874-0200,https://www.amitymed.org,35.31626649,-81.16209627,Health Care Centers," Federal, or any government funding for substance use treatment programs, Medicare, Medicaid, Federal military insurance (e.g., TRICARE), Private health insurance, Cash or self-payment, State-financed health insurance plan other than Medicaid, SAMHSA funding/block grants","Behavioral Health, Primary Care and Internal Medicine, Care Support Programs, Financial Support Services, Care Management and Education, Pediatric Care, Respiratory Illness and Wellness, Personalized Services, HIV Care, Tele-Prep"
Anuvia Prevention and Recovery Center - Main Campus,100 Billingsley Road,,Charlotte,NC,28211,,Mecklenburg,704-376-7447,https://www.anuvia.org,35.1902095,-80.8098636,Substance Use,Accepts all major insurance carriers,"Alcohol & Drug Treatment, Mental Health Care, Prevention Programs, TeleHealth Services"
Anuvia Prevention and Recovery Center - Main Campus,100 Billingsley Road,,Charlotte,NC,28211,,Mecklenburg,704-376-7447,https://www.anuvia.org,35.1902095,-80.8098636,Mental Health,Accepts all major insurance carriers,"Alcohol & Drug Treatment, Mental Health Care, Prevention Programs, TeleHealth Services"
Anuvia Prevention and Recovery Center - Samuel Billings Center Detox & Residential,429 Billingsley Road,,Charlotte,NC,28211,,Mecklenburg,704-445-6900,https://www.anuvia.org,35.191346,-80.804779,Substance Use,Accepts all major insurance carriers,"Alcohol & Drug Treatment, Mental Health Care, Prevention Programs, TeleHealth Services"
Atrium Health Mindy Ellen Levine Behavioral Health Center ,16740 Davidson Concord Road,Administration,Davidson,NC,28036,,Mecklenburg,704-801-9400,https://atriuMental Healthealth.org,35.4493568,-80.7851299,Mental Health,"County or local government funds, Medicare, Medicaid, Federal military insurance (e.g., TRICARE), Private health insurance, Cash or self-payment, State-financed health insurance plan other than Medicaid",Substance use treatment; Mental health treatment; Treatment for co-occurring substance use plus either serious mental illness (SMI) in adults and/or serious emotional disturbance (SED) in children
Atrium Health Addiction Services Ballantyne ,7825 Ballantyne Commons Parkway Suite 110,Substance Useite 110,Charlotte,NC,28277,,Mecklenburg,704-446-0391,https://atriuMental Healthealth.org/locations/detail/atrium-health-addiction-services-ballantyne,35.0576618,-80.8118686,Substance Use,"Medicare, Medicaid, Federal Military Insurance (e.g. TRICARE), Private Health Insurance, Self-Payment",Substance Use Treatment 
Atrium Health Addiction Services Charlotte,447 Billingsley Road Cottage A,Cottage A,Charlotte,NC,28211,,Mecklenburg,704-344-3290,https://atriuMental Healthealth.org/locations/detail/atrium-health-addiction-services-charlotte,35.1922904,-80.8050549,Substance Use,"Medicare, Medicaid, Federal Military Insurance (e.g. TRICARE), Private Health Insurance, Self-Payment",Substance Use Treatment
Atrium Health Mercy Detox,2001 Vail Avenue,,Charlotte,NC,28207,,Mecklenburg,704-304-5000,https://atriumhealth.org/locations/detail/atrium-health-mercy,35.2100301,-80.8217625,Substance Use,"Medicare, Medicaid, Federal Military Insurance (e.g. TRICARE), Private Health Insurance, Self-Payment",
Beaty Recovery Services,"436 East Long Avenue, Suite 2",Substance Useite 2,Gastonia,NC,28054,2540,Gaston,704-864-3900,https://beatyrecovery.com,35.264985,-81.174848,Substance Use,Cash or Self-Payment ,"DWI Assessments, DMV Substance Abuse Evaluation, Counseling Services, DOT(Department of Transportation) Evaluation"
Behavioral Health Services of Lake Norman,"125 Overhill Drive, Suite 105",Suite 105,Mooresville,NC,28117,,Iredell,704-450-8904,https://NPCtherapy.com,35.5991162,-80.8490099,Substance Use,"Medicare, Medicaid, Federal military insurance (e.g., TRICARE), Private health insurance, Cash or self-payment, State-financed health insurance plan other than Medicaid","Therapy Services (Individual, Couples, and Family Counseling, Anger Management, Parenting, Group Therapy, etc), Online or In-Office sessions, Medication Management"
Behavioral Health Services of Lake Norman,"125 Overhill Drive, Suite 105 ",Suite 105,Mooresville,NC,28117,,Iredell,704-450-8904,https://NPCtherapy.com,35.5991162,-80.8490099,Mental Health,"Medicare, Medicaid, Federal military insurance (e.g., TRICARE), Private health insurance, Cash or self-payment, State-financed health insurance plan other than Medicaid","Therapy Services (Individual, Couples, and Family Counseling, Anger Management, Parenting, Group Therapy, etc), Online or In-Office sessions, Medication Management"
Blanchard Institute,19902 North Cove Road,,Huntersville,NC,28078,,Mecklenburg,704-584-4111,https://theblanchardinstitute.com,35.479538,-80.892937,Substance Use,"Federal military insurance (e.g., TRICARE), Private health insurance (Aetna, Blue Cross Blue Shield of NC, United Healthcare, Magella Health, Cigna, Oscar, Carelon Behavioral Health, UMR), Cash or self-payment","Substance Abuse Treatment, Alcohol Abuse Treatment, Dual Diagnosis Treatment"
Blanchard Institute,19902 North Cove Road,,Huntersville,NC,28078,,Mecklenburg,704-584-4111,https://theblanchardinstitute.com,35.479538,-80.892937,Mental Health,"Federal military insurance (e.g., TRICARE), Private health insurance (Aetna, Blue Cross Blue Shield of NC, United Healthcare, Magella Health, Cigna, Oscar, Carelon Behavioral Health, UMR), Cash or self-payment","Substance Abuse Treatment, Alcohol Abuse Treatment, Dual Diagnosis Treatment"
Blanchard Institute,10348 Park Road,,Charlotte,NC,28210,,Mecklenburg,704-288-1097,https://theblanchardinstitute.com,35.0953692,-80.8677732,Mental Health,"Federal military insurance (e.g., TRICARE), Private health insurance (Aetna, Blue Cross Blue Shield of NC, United Healthcare, Magella Health, Cigna, Oscar, Carelon Behavioral Health, UMR), Cash or self-payment","Substance Abuse Treatment, Alcohol Abuse Treatment, Dual Diagnosis Treatment"
Blanchard Institute,10348 Park Road,,Charlotte,NC,28210,,Mecklenburg,704-288-1097,https://theblanchardinstitute.com,35.0953285,-80.8677448,Substance Use,"Federal military insurance (e.g., TRICARE), Private health insurance (Aetna, Blue Cross Blue Shield of NC, United Healthcare, Magella Health, Cigna, Oscar, Carelon Behavioral Health, UMR), Cash or self-payment","Substance Abuse Treatment, Alcohol Abuse Treatment, Dual Diagnosis Treatment"
BrightView Salisbury Addiction Treatment Center,1930 Jake Alexander Blvd W Suite 1000,,Salisbury,NC,28147,,Rowan,888-501-9865,https://www.brightviewhealth.com/locations/salisbury-addiction-treatment-center/ ,35.691835,-80.511527,"Substance Use Treatment, Opioid Treatment Programs, Medication Assisted Treatment (MAT), etc"," IHS/Tribal/Urban (ITU) funds, Medicare, Medicaid, Private health insurance, Cash or self-payment, State-financed health insurance plan other than Medicaid",Substance Use Treatment
"C.W. Williams Community Health Center, Inc.",800 Clanton Road,,Charlotte,NC,28217,1373,Mecklenburg,866-299-4968,https://www.cwwilliams.org,35.19929901,-80.8830203,Health Care Centers,Call for More Information,"Primary/Preventive Medical Care, Behavioral Healthcare, Pharmaceutical Services, Check Your Smile Dental Services, Non-emergency medical transportation, Allergy testing and immunotherapy, Community Outreach"
"C.W. Williams Community Health Center, Inc.",5800 Old Pineville Rd,,Charlotte,NC,28217,4106,Mecklenburg,866-299-4968,https://www.cwwilliams.org,35.16102698,-80.87897008,Health Care Centers,Call for More Information,"Primary/Preventive Medical Care, Behavioral Healthcare, Pharmaceutical Services, Check Your Smile Dental Services, Non-emergency medical transportation, Allergy testing and immunotherapy, Community Outreach"
Carolina Energetics PC,310 Mocksville Avenue,,Salisbury,NC,28144,,Rowan,704-762-9630,https://carolinaenergetics.com/,35.6785816,-80.4710708,Substance Use,Call for More Information,Substance Abuse Treatment
Carolina Outpatient Detox,"1117 East Morehead Street, Suite 100",Suite 100,Charlotte,NC,28204,,Mecklenburg,888-415-4143,https://www.carolinaoutpatientdetox.com,35.2110503,-80.8406981,Substance Use,"Medicare; Federal military insurance (e.g., TRICARE); Private health insurance; Cash or self-payment; SAMHSA funding/block grants","Substance Use Treatment, Detox Programs"
Carolina Outreach Charlotte,"301 McCullough Drive, Suite 520",Substance Useite 520,Charlotte,NC,28262,,Mecklenburg,704-332-8787,https://www.carolinaoutreach.com,35.301393,-80.7573702,Mental Health,Medicare; Medicaid; Private health insurance; Cash or self-payment; State-financed health insurance plan other than Medicaid,"Child & Adolescent Services (Diagnostic Assessment, In-Home Therapy, etc), Adult Services(Diagnostic Assessment, Outpatient therapy, etc), Substance Use Services"
Carolina Specialty Care PA ,293 Old Mocksville Road,,Statesville,NC,28625,,Iredell,704-872-8711,https://www.carolinaspecialtycare.com,35.8228361,-80.8319833,Substance Use,"Medicare; Medicaid; Federal military insurance (e.g., TRICARE); Private health insurance; Cash or self-payment; State-financed health insurance plan other than Medicaid; SAMHSA funding/block grants",Substance Use Treatment
CaroMont Psychiatric Associates ,1337 East Garrison Boulevard,,Gastonia,NC,28054,,Gaston,704-865-3848,https://caromonthealth.org/locations/caromont-regional-medical-center/,35.25235178,-81.16150008,Mental Health,Call for More Information," Diagnostic evaluation and treatment for conditions like ADHD, Mood Disorders, Psychotic Disorders and Anxiety Disorders for adults, children and adolescents, etc"
Catawba Valley Family Medicine - Claremont,3114 W Main St,,Claremont,NC,28610,9609,Catawba,828-459-7324,https://www.kintegra.org/locations/catawba-valley-family-medicine-claremont/ ,35.71455278,-81.15221677,Health Care Centers,Call for More Information,Family Medicine Provider
Catawba Valley Family Medicine - Maiden,137 Island Ford Rd,,Maiden,NC,28650,8735,Catawba & Lincoln,828-428-2446,https://www.catawbavalleyhealth.org/location/catawba-valley-extended-hours-maiden/,35.56690987,-81.19398279,Health Care Centers,Call for More Information,"Migraines, Asthma, Urinary Tract Infection, Upper Respiratory Infection, Eye Infection or Minor Injuries, Skin Infection, Gastrointestinal Illness, etc."
Changing Lives Matter LLC,2591 East Main Street,,Lincolnton,NC,28092,,Lincoln,704-240-8097,https://www.changinglivesmatterllc.net,35.4815513,-81.2083469,Substance Use,Medicaid; Cash or self-payment,"Peer Support Service, Group Counseling"
Changing Lives Matter LLC,2591 East Main Street,,Lincolnton,NC,28092,,Lincoln,704-240-8097,https://www.changinglivesmatterllc.net,35.4815513,-81.2083469,Mental Health,Medicaid; Cash or self-payment,"Peer Support Service, Group Counseling"
Charlotte Community Health Clinic,"8401 Medical Plaza Dr, Substance Useite 300",,Charlotte,NC,28262,8702,Mecklenburg,704-316-6561,https://charlottecommunityhealthclinic.org/,35.31910255,-80.7767231,Health Care Centers,,
Charlotte Community Health Clinic - Express Care,3622 Central Ave,,Charlotte,NC,28205,5638,Mecklenburg,704-316-6561,https://charlottecommunityhealth.org/en/,35.21556208,-80.78347246,Health Care Centers,,
Charlotte Community Health Clinic - University Clinic,8401 Medical Plaza Dr Suite 300,,Charlotte,NC,28262,8701,Mecklenburg,704-316-6561,https://charlottecommunityhealth.org/en/for-patients/hours-and-locations/,35.31884196,-80.77586689,Health Care Centers (HRSA) - Ambulatory Health Care Facilities,,
Charlotte Community Health Clinic - West Clinic,5301 Wilkinson Blvd,,Charlotte,NC,28208,5455,Mecklenburg,704-316-6561,https://charlottecommunityhealth.org/en/for-patients/hours-and-locations/ ,35.23170906,-80.92680845,Health Care Centers (HRSA),,
Charlotte Community Health Clinic West,5301 Wilkinson Blvd,,Charlotte ,NC,28208,5455,Mecklenburg,704-316-6574,https://charlottecommunityhealthclinic.org/,35.23170906,-80.92680845,Health Care Centers,,
Charlotte Community Health Clinic: Atrium Mobile Health Unit,5301 Wilkinson Blvd,,Charlotte,NC,28208,5455,Mecklenburg,704-316-6561,https://charlottecommunityhealth.org/en/,35.23170906,-80.92680845,Health Care Centers,,
Charlotte Rescue Mission - Men's Recovery,915 West 1st Street,,Charlotte,NC,28202,,Mecklenburg,704-333-4673,https://www.charlotterescuemission.org,35.229507,-80.8563745,Substance Use,Call for More Information,Christian-based residential recovery programs 
New Season Treatment Center - Charlotte,3315 Wilkinson Boulevard,,Charlotte,NC,28208,,Mecklenburg,704-697-0044,https://www.NewSeason.com/,35.2240138,-80.8952361,Substance Use,"Self-payment, Medicare, Medicaid, Most Commercial Insurance plans","Substance Use Treatment (Opioid Addiction Counseling, Medication-Assisted Treatment, etc)"
China Grove Family Medicine,307 East Thom Street,,China Grove,NC,28023,2363,Rowan,704-855-5200,https://www.crchc.org/china-grove-family-medicine/ ,35.57073747,-80.58013515,Health Care Centers,Call for More Information,"Behavioral Health, Primary Care, Prevention & Wellness, Telehealth, Immunizations, Dental Services, etc"
CMC Northeast Partial Hospitalization Program,675 Memorial Boulevard,Substance Useite 102,Concord,NC,28025,2402,Cabarrus,704-403-1831,https://atriuMental Healthealth.org,35.4380102,-80.6024255,Mental Health,,
CRCHC Administrative Auxiliary Offices,212B Mcgill Ave NW,,Concord,NC,28025,4615,Cabarrus,704-792-2242,https://crchc.org,35.41665203,-80.59745867,Health Care Centers,,
Charlotte Rescue Mission - Women's Recovery,2855 West Boulevard,,Charlotte,NC,28208,,Mecklenburg,704-333-4673,https://www.charlotterescuemission.org,35.20772933,-80.91159207,Health Care Centers,Call for More Information,Christian-based residential recovery programs 
CRCHC at Shelter Health Services,534 Spratt St,,Charlotte,NC,28206,2913,Mecklenburg,704-792-2242,https://www.crchc.org,35.23984981,-80.83705168,Health Care Centers,,
CRCHC Homeless Clinic at,226 N Long St,,Salisbury,NC,28144,5049,Rowan,704-637-6838,https://www.crchc.org,35.66629582,-80.46467063,Health Care Centers,,
CRCHC Homeless Clinic at Salvation Army Concord,45 Ashlyn Drive Southeast,,Concord,NC,28025,3546,Cabarrus,704-792-2200,https://www.crchc.org,35.41449427,-80.57363855,Health Care Centers,,
CRCHC Mobile Dental Unit,202D McGill Ave NW,,Concord,NC,28025,,Cabarrus,704-792-2203,https://www.crchc.org,35.41728959,-80.59720712,Health Care Centers,,
CRCHC Mobile Unit,202D McGill Ave NW,,Concord,NC,28025,,Cabarrus,704-792-2203,https://www.crchc.org,35.41728959,-80.59720712,Health Care Centers,,
CRCHC Patterson Farm Migrant Clinic ,3060 Millbridge Rd,,China Grove,NC,28023,7716,Rowan,704-855-5200 x5214,https://www.crchc.org,35.61533355,-80.65283538,Health Care Centers,,
CWWCHC Medical Mobile Unit,3333 Wilkinson Boulevard,,Charlotte,NC,28208,5631,Mecklenburg,704-391-0819,https://www.cwwilliams.org,35.22417146,-80.89610068,Health Care Centers,,
Dave Cathcart Pediatric Clinic,769 N Wendover Rd,,Charlotte,NC,28211,1118,Mecklenburg,704-316-6561,https://charlottecommunityhealth.org/en/,35.19034018,-80.79902592,Health Care Centers,,
Day by Day Family Services,6608 East WT Harris Boulevard,Substance Useites C-D,Charlotte,NC,28215,,Mecklenburg,704-405-4265,https://www.daybydayfamilyservices.com,35.2295583,-80.728696,Mental Health,,
Daymark Recovery Services,913 Carolina Avenue North,Highway 21 North,Statesville,NC,28625,,Iredell,704-873-1114,https://www.daymarkrecovery.org,35.8059406,-80.8779952,Substance Use,"Medicare, Medicaid, Other insurance plan, self payment",Behavioral Health Services
Daymark Recovery Services,913 Carolina Avenue North,Highway 21 North,Statesville,NC,28625,,Iredell,704-873-1114,https://www.daymarkrecovery.org,35.8059406,-80.8779952,Mental Health,"Medicare, Medicaid, Other insurance plan, self payment",Behavioral Health Services
Daymark Recovery Services,284 Executive Park Drive Suite 160,Suite 160,Concord,NC,28025,,Cabarrus,704-939-1100 x1272,https://www.daymarkrecovery.org,35.4525795,-80.598832,Substance Use,"Medicare, Medicaid, Other insurance plan, self payment",Behavioral Health Services
Daymark Recovery Services,524 Signal Hill Drive Extension,,Statesville,NC,28625,,Iredell,704-871-1045,https://www.daymarkrecovery.org,35.8030977,-80.8507093,Substance Use,"Medicare, Medicaid, Sliding Fee Scale offered",Comprehensive Behavioral Healthcare services 
Daymark Recovery Services,524 Signal Hill Drive Extension,,Statesville,NC,28625,,Iredell,704-871-1045,https://www.daymarkrecovery.org,35.8030977,-80.8507093,Mental Health,"Medicare, Medicaid, Sliding Fee Scale offered",Comprehensive Behavioral Healthcare services 
Daymark Recovery Services,2129 Statesville Boulevard,,Salisbury,NC,28147,,Rowan,704-633-3616,https://www.daymarkrecovery.org,35.693257,-80.5185791,Mental Health,"Medicare, Medicaid",Behavioral Health Services
Daymark Recovery Services,2129 Statesville Boulevard,,Salisbury,NC,28147,,Rowan,704-633-3616,https://www.daymarkrecovery.org,35.693257,-80.5185791,Substance Use,"Medicare, Medicaid",Behavioral Health Services
Daymark Recovery Services Cabarrus Center ,284 Executive Park Drive Suite 160,Suite 160,Concord,NC,28025,,Cabarrus,704-939-1100 x1272,https://www.daymarkrecovery.org,35.4525795,-80.598832,Mental Health,"Medicare, Medicaid, Other insurance plan, self payment",Behavioral Health Services
Daymark Recovery Services Inc,616 Colonnade Drive,,Charlotte,NC,28205,,Mecklenburg,704-273-3942,https://daymarkrecovery.org/bhuc-mecklenburg/,35.2049986,-80.8027477,Mental Health,"Medicare, Medicaid, Other insurance plan, self payment",Behavioral Health Services
Daymark Recovery Services Inc,616 Colonnade Drive,,Charlotte,NC,28205,,Mecklenburg,704-273-3942,https://daymarkrecovery.org/bhuc-mecklenburg/,35.2049986,-80.8027477,Substance Use,"Medicare, Medicaid, Other insurance plan, self payment",Behavioral Health Services
Dilworth Center,2240 Park Road,,Charlotte,NC,28203,,Mecklenburg,704-372-6969,https://www.dilworthcenter.org,35.198437,-80.8533991,Substance Use,,
Doves Nest Program Womens Div/Charlotte Rescue Mission,2855 West Boulevard,,Charlotte,NC,28208,,Mecklenburg,704-332-3999 x114,https://www.charlotterescuemission.org,35.2075748,-80.9115275,Substance Use,,
Dreams and Visions - DBA New Vision Home II,3430 Dalecrest Drive,,Charlotte,NC,28269,,Mecklenburg,704-281-7261,https://plainrecovery.com/facility/dreams-and-visions-dba-new-vision-home-ii-charlotte-nc,35.2836683,-80.822046,Mental Health,,
Family First Community Servs LLC,3705 Latrobe Drive,Substance Useite 340,Charlotte,NC,28211,4823,Mecklenburg,704-364-3989,https://www.familyfirstcommunity.com,35.195993,-80.7965011,Mental Health,,
Flynn Fellowship Home of Gastonia Inc ,311 South Marietta Street,,Gastonia,NC,28052,4365,Gaston,704-865-9395,https://www.flynnhome.info/,35.2597536,-81.1821293,Substance Use,,
Freedom Detox,1089 X Ray Drive,,Gastonia,NC,28054,,Gaston,980-320-1067,https://www.freedomdetoxnc.com,35.2771484,-81.1378357,Substance Use,,
Freedom Detox,1089 X Ray Drive,,Gastonia,NC,28054,,Gaston,980-320-1067,https://www.freedomdetoxnc.com,35.2771484,-81.1378357,Mental Health,,
Gastonia Treatment Center Metro Treatment of North Carolina LP,1455 East Franklin Boulevard,,Gastonia,NC,28054,,Gaston,980-285-2990,https://www.newseason.com/clinics/gastonia-treatment-center,35.2607373,-81.1562087,Substance Use,,
Genesis A New Beginning,629 West Innes Street,Substance Useite 214,Salisbury,NC,28144,,Rowan,704-720-7770,https://www.genesis-anb.com,,,Substance Use,,
Genesis A New Beginning,629 West Innes Street,Substance Useite 214,Salisbury,NC,28144,,Rowan,704-720-7770,https://www.genesis-anb.com,,,Mental Health,,
Genesis A New Beginning,245 Le Phillip Court NE,,Concord,NC,28025,,Cabarrus,704-720-7770,https://www.genesis-anb.com,35.4416945,-80.5953914,Substance Use,,
Genesis A New Beginning,245 Le Phillip Court NE,,Concord,NC,28025,,Cabarrus,704-720-7770,https://www.genesis-anb.com,35.4416945,-80.5953914,Mental Health,,
Genesis Project 1 Inc,5104 Reagan Drive,Substance Useite 5,Charlotte,NC,28206,,Mecklenburg,704-596-0505 x102,https://www.genproject1.com,35.276591,-80.7962346,Mental Health,,
Harmony Recovery Center,11403 North Tryon Street,,Charlotte,NC,28262,,Mecklenburg,704-970-4106,https://harmonyrecoverync.com,35.3355303,-80.7164397,Mental Health,,
Harmony Recovery Center,11403 North Tryon Street,,Charlotte,NC,28262,,Mecklenburg,704-970-4106,https://harmonyrecoverync.com,35.3355303,-80.7164397,Substance Use,,
Highland Mist Home,913 Highland Mist Lane,,Charlotte,NC,28215,,Mecklenburg,704-532-4770,https://www.mybrothershouseinc.net,,,Mental Health,,
Hope Haven Inc,3815 North Tryon Street,,Charlotte,NC,28206,,Mecklenburg,704-372-8809,https://www.hopehaveninc.org,35.2560542,-80.8004464,Substance Use,,
HopeWay,1717 Sharon Road West,,Charlotte,NC,28210,,Mecklenburg,980-859-2106,https://hopeway.org,35.118824,-80.8734945,Mental Health,,
Insight Program,920 Blairhill Road,Substance Useite B-103,Charlotte,NC,28217,,Mecklenburg,704-679-9600,https://theinsightprogram.com/drug-alcohol-treatment-programs/charlotte-nc/,35.197891,-80.8856349,Substance Use,,
Integrated BH Management Inc,8430 Medical Plaza Drive,Substance Useite 300,Charlotte,NC,28262,,Mecklenburg,704-910-6142,https://www.ibhmgmt.org,35.3205458,-80.7750386,Substance Use,"Medicare, Medicaid, Federal military insurance (e.g., TRICARE), Private health insurance (e.g. Aetna, Anthems, United Healthcare, Blue Cross Blue Shield of NC, etc), Cash or self-payment","Mental Health Services, Substance Use Disorder, Counseling Therapy, Intellectual Developmental Disability, Evidence Based Tobacco Treatment, Primary Care Services "
Integrated Care of Greater Hickory,523 Brookdale Drive,,Statesville,NC,28677,,Iredell,828-322-5915,https://www.integratedcarehickory.com,35.7978436,-80.8776301,Mental Health,,
Integrated Care of Greater Hickory ICGH Gastonia ,902 East Garrison Boulevard,,Gastonia,NC,28054,,Gaston,828-322-5915,https://www.integratedcarehickory.com,35.2535523,-81.168662,Mental Health,,
Integrated Care of Greater Hickory ICGH Gastonia ,902 East Garrison Boulevard,,Gastonia,NC,28054,,Gaston,828-322-5915,https://www.integratedcarehickory.com,35.2535523,-81.168662,Substance Use,,
Integrated Care of Greater Hickory ICGH Lincolnton,200 Gamble Drive,,Lincolnton,NC,28092,,Lincoln,704-240-3066,https://www.integratedcarehickory.com,35.4704967,-81.2360281,Mental Health,,
Iredell Pediatrics,728 Hartness Rd,,Statesville,NC,28677,3425,Iredell,704-380-6420,https://www.kintegra.org,35.79851548,-80.88097939,Health Care Centers,,
Iredell Psychiatry,515 Brookdale Drive,,Statesville,NC,28677,4107,Iredell,704-380-3620,https://www.kintegra.org,35.79806055,-80.87676346,Health Care Centers,,
Kintegra Adult and Pediatric Medicine - X Ray Dr,2721 X Ray Dr,,Gastonia,NC,28054,7491,Gaston,704-874-2255,https://www.kintegra.org,35.27685424,-81.14080992,Health Care Centers,,
Kintegra at Ashbrook High School ,2222 S New Hope Rd,,Gastonia,NC,28054,8428,Gaston,704-866-6600,https://www.kintegra.org,35.24312781,-81.12731506,Health Care Centers,,
Kintegra at Balls Creek Elementary ,2620 Balls Creek Rd,,Newton,NC,28658,8109,Catawba,828-464-4766,https://www.kintegra.org,35.63012007,-81.12808594,Health Care Centers,,
Kintegra at Bandys High,5040 E Bandys Xrd,,Catawba,NC,28609,,Catawba,828-241-1471,https://www.kintegra.org,35.64273799,-81.08487503,Health Care Centers,,
Kintegra at Battleground Elementary ,301 Jeb Seagle Dr,,Lincolnton,NC,28092,2168,Lincoln,704-736-1626,https://www.kintegra.org,35.47887407,-81.26411174,Health Care Centers,,
Kintegra at Belmont Central Elementary ,310 Eagle Rd,,Belmont,NC,28012,3721,Gaston,704-836-9137,https://www.kintegra.org,35.24114033,-81.05069264,Health Care Centers,,
Kintegra at Belmont Middle School (BMS),1020 S Point Rd,,Belmont,NC,28012,8533,Gaston,704-836-9611,https://www.kintegra.org/locations/kintegra-at-belmont-middle/,35.21944445,-81.03589054,Health Care Centers (HRSA) - School Based,,
Kintegra at Brookside Elementary ,1925 Auten Rd,,Gastonia,NC,28054,1111,Gaston ,704-866-6283,https://www.kintegra.org,35.29373296,-81.15122829,Health Care Centers,,
Kintegra at Bunker Hill,4675 Oxford School Rd,,Claremont,NC,28610,9468,Catawba,828-241-3355,https://www.kintegra.org,35.75371354,-81.11933565,Health Care Centers,,
Kintegra at CaroMont Women Health - Belmont ,"2000 Caromont Pkwy, Substance Useite 400",,Belmont,NC,28012,159,Gaston,704-865-7416,https://www.kintegra.org,35.2587759,-81.03389464,Health Care Centers,,
Kintegra at CaroMont Womens Health - Ashley,1225 E Garrison Blvd,,Gastonia,NC,28054,5115,Gaston ,704-865-7416,https://www.kintegra.org,35.25231505,-81.16325741,Health Care Centers,,
Kintegra at CaroMont Womens Health - Substance Usemmit ,620 Substance Usemmit Crossing Pl,,Gastonia,NC,28054,2176,Gaston,704-865-2229,https://www.kintegra.org,35.2738886,-81.14403947,Health Care Centers,,
Kintegra at Carr Elementary,307 S Pine St,,Dallas,NC,28034,1953,Gaston ,704-922-3636,https://www.kintegra.org,35.3128911,-81.18344497,Health Care Centers,,
Kintegra at Catawba Elementary ,5415 Hudson Chapel Rd,,Catawba,NC,28609,9534,Catawba,828-241-3131,https://www.kintegra.org,35.69723782,-81.07336167,Health Care Centers,,
Kintegra at Catawba Heights Elementary,101 Ivey St,,Belmont,NC,28012,2554,Gaston,704-836-9119,https://www.kintegra.org,35.27443661,-81.03724279,Health Care Centers,,
Kintegra at Catawba Rosenwald Education Center ,403 6th Ave SW,,Catawba,NC,28609,7811,Catawba,828-241-2734,https://www.kintegra.org,35.70238142,-81.07554784,Health Care Centers,,
Kintegra at Catawba Springs Elementary,206 N Little Egypt Rd,,Denver,NC,28037,8015,Lincoln,704-736-1895,https://www.kintegra.org,35.45576395,-81.02137006,Health Care Centers,,
Kintegra at Claremont,3384 E Main St,,Claremont,NC,28610,8665,Catawba,828-459-7921,https://www.kintegra.org,35.71657311,-81.14293373,Health Care Centers,,
Kintegra at Community Public Charter School,185 Mariposa Rd,,Stanley,NC,28164,9645,Gaston,704-931-4418,https://www.kintegra.org,35.37309081,-81.09463091,Health Care Centers,,
Kintegra at Costner Elementary ,353 Old Loop Rd,,Dallas,NC,28034,9795,Gaston,704-922-3522,https://www.kintegra.org/locations/kintegra-at-costner-elementary/ ,35.32757804,-81.22721334,Health Care Centers (HRSA) - School Based,,
Kintegra at Cramerton Middle ,601 Cramer Mountain Rd,,Cramerton,NC,28032,1671,Gaston ,704-836-9603,https://www.kintegra.org,35.22297072,-81.08637306,Health Care Centers,,
Kintegra at Discovery High,301 W 18th St,,Newton,NC,28658,2999,Catawba,704-874-9005,https://www.kintegra.org,35.67982828,-81.222336,Health Care Centers,,
Kintegra at East Gaston High ,1744 Lane Rd,,Mount Holly,NC,28120,9037,Gaston,704-836-9613,https://www.kintegra.org,35.31577188,-81.07554406,Health Care Centers,,
Kintegra at Elizabeth Lane Elementary,121 Elizabeth Ln,,Matthews,NC,28105,6858,Mecklenburg,980-343-5700,https://kintegra.org,35.11261001,-80.74738996,Health Care Centers,,
Kintegra at Forestview High School,5545 Union Rd,,Gastonia,NC,28056,,Gaston,704-861-2625,https://www.kintegra.org,35.18346194,-81.13563058,Health Care Centers,,
Kintegra at G E Massey Elementary ,130 Newbold St,,Lincolnton,NC,28092,3906,Lincoln,704-735-2322,https://www.kintegra.org,35.47794712,-81.23703953,Health Care Centers,,
Kintegra at Gardner Park Elementary ,738 Armstrong Park Rd,,Gastonia,NC,28054,3961,Gaston,704-866-6082,https://www.kintegra.org,35.25070999,-81.13279003,Health Care Centers,,
Kintegra at Grier Middle School,1622 E Garrison Blvd,,Gastonia,NC,28054,5176,Gaston,704-836-9604,https://www.kintegra.org,35.25350431,-81.15476822,Health Care Centers,,
Kintegra at Hawks Nest STEAM Academy,3430 Robinwood Rd,,Gastonia,NC,28054,6691,Gaston,704-866-8467,https://www.kintegra.org,35.2153296,-81.1617936,Health Care Centers,,
Kintegra at Hershal H Beam Elementary ,200 Davis Park Rd,,Gastonia,NC,28052,126,Gaston,704-866-6618,https://www.kintegra.org,35.22315759,-81.20236067,Health Care Centers,,
Kintegra at Highland School of Technology ,1600 N Morris St,,Gastonia,NC,28052,1739,Gaston ,704-866-6105,https://www.kintegra.org,35.28040825,-81.19068836,Health Care Centers,,
Kintegra at Holbrook Middle School ,418 S Church St,,Lowell,NC,28098,1806,Gaston,704-836-9607,https://www.kintegra.org,35.265495,-81.10582386,Health Care Centers,,
Kintegra at Hunter Huss High School ,1518 Edgefield Ave,,Gastonia,NC,28052,5275,Gaston,704-866-6610,https://www.kintegra.org,35.24031287,-81.20653016,Health Care Centers,,
Kintegra at Iredell County,318 Turnersburg Hwy,,Statesville,NC,28625,2798,Iredell,704-874-9005,https://www.kintegra.org,35.82004951,-80.87546569,Health Care Centers,,
Kintegra at Iron Station Elementary ,4207 E Highway 27,,Iron Station,NC,28080,8701,Lincoln,704-736-4292,https://www.kintegra.org,35.45934064,-81.1674093,Health Care Centers,,
Kintegra at Kiser Elementary,314 E College St,,Stanley,NC,28164,,Gaston,704-836-9105,https://www.kintegra.org,35.36115542,-81.09267968,Health Care Centers,,
Kintegra at Lincolnton High School ,803 N Aspen St,,Lincolnton,NC,28092,2142,Lincoln,704-736-4234,https://www.kintegra.org,35.4791731,-81.26063476,Health Care Centers,,
Kintegra at Lincolnton Middle ,2361 Startown Rd,,Lincolnton,NC,28092,2172,Lincoln,704-735-1120,https://www.kintegra.org,35.52024966,-81.26540532,Health Care Centers,,
Kintegra at Lingerfeldt Elementary ,1601 Madison St,,Gastonia,NC,28052,846,Gaston,704-866-6094,https://www.kintegra.org,35.24066625,-81.19194657,Health Care Centers,,
Kintegra at Love Memorial Elementary ,1463 Love Memorial School Rd,,Lincolnton,NC,28092,7091,Lincoln,704-735-5649,https://www.kintegra.org/locations/kintegra-at-love-memorial-elementary/ ,35.44931743,-81.2761629,Health Care Centers (HRSA) - School Based,,
Kintegra at Lowell Elementary ,1500 Power Dr,,Lowell,NC,28098,1236,Gaston,704-836-9118,https://www.kintegra.org,35.27818001,-81.09055002,Health Care Centers,,
Kintegra at Maiden,201 N Main Ave,,Maiden,NC,28650,1117,Catawba & Lincoln,828-428-8769,https://www.kintegra.org,35.57839086,-81.21083041,Health Care Centers,,
Kintegra at Maiden High,600 W Main St,,Maiden,NC,28650,1146,Catawba & Lincoln,828-428-8197,https://www.kintegra.org,35.58030101,-81.2239921,Health Care Centers,,
Kintegra at Maiden Middle School ,518 N C Ave,,Maiden,NC,28650,1171,Catawba & Lincoln,828-438-2326,https://www.kintegra.org,35.58099998,-81.21778521,Health Care Centers,,
Kintegra at McAdenville Elementary,275 Wesleyan Dr,,McAdenville,NC,28101,9003,Gaston,704-836-9117,https://www.kintegra.org,35.25339497,-81.07727141,Health Care Centers,,
Kintegra at Mill Creek Middle School,1041 Shiloh Rd,,Claremont,NC,28610,9202,Catawba,828-241-1494,https://www.kintegra.org,35.65060234,-81.08884011,Health Care Centers,,
Kintegra at Mitchell,500 W Broad St,,Statesville,NC,28677,5293,Iredell,704-878-3200,https://www.kintegra.org,35.78296189,-80.89413051,Health Care Centers,,
Kintegra at Montclaire Elementary ,5801 Farmbrook Dr,,Charlotte,NC,28210,4100,Mecklenburg,980-343-3635,https://www.kintegra.org,35.15228998,-80.86728998,Health Care Centers,,
Kintegra at Mt. Holly Middle ,124 S Hawthorne St,,Mount Holly,NC,28120,1699,Gaston,704-836-9610,https://www.kintegra.org,35.29706867,-81.02366251,Health Care Centers,,
Kintegra at New Hope Elementary ,137 Stowe Rd,,Gastonia,NC,28056,8560,Gaston,704-874-1901,https://www.kintegra.org,35.21041119,-81.08376529,Health Care Centers,,
Kintegra at Newton-Conover High,338 W. 15th St,,Newton,NC,28658,2998,Catawba,828-465-0920,https://www.kintegra.org/locations/kintegra-at-newton-conover-high/ ,35.67769998,-81.22422,Health Care Centers (HRSA) - School Based,,
Kintegra at North Belmont Elementary ,210 School St,,Belmont,NC,28012,2123,Gaston,704-836-9135,https://www.kintegra.org,35.27272343,-81.05020565,Health Care Centers,,
Kintegra at North Gaston High School ,1133 Ratchford Dr,,Dallas,NC,28034,6500,Gaston ,704-922-5285,https://www.kintegra.org,35.33452982,-81.17753741,Health Care Centers,,
Kintegra at North Newton ,221 West 26th Street,,Newton,NC,28658,2899,Catawba,828-464-2631,https://www.kintegra.org,35.68992055,-81.22221094,Health Care Centers,,
Kintegra at Page Primary,215 Ewing Dr,,Belmont,NC,28012,4130,Gaston,704-836-9116,https://www.kintegra.org,35.2347343,-81.03147696,Health Care Centers,,
Kintegra at Piedmont Elementary,119 E 2nd Ave,,Gastonia,NC,28052,4370,Gaston,704-853-2428,https://www.kintegra.org,35.26024835,-81.18055657,Health Care Centers,,
Kintegra at Piedmont Community Charter School   High School Campus,2596 Robinwood Rd,,Gastonia,NC,28054,5877,Gaston,704-271-2411,https://www.kintegra.org/locations/kintegra-at-piedmont-community-charter-high-school/ ,35.22828375,-81.15345117,Health Care Centers (HRSA),,
Kintegra at Piedmont Middle School ,2970 S New Hope Rd,,Gastonia,NC,28056,8320,Gaston,704-349-4640,https://www.kintegra.org,35.23650288,-81.11500958,Health Care Centers,,
Kintegra at Pinewood Elementary ,1925 N Main St,,Mount Holly,NC,28120,9158,Gaston,704-836-9138,https://www.kintegra.org,35.32909822,-80.99919306,Health Care Centers,,
Kintegra at Pinewood Elementary - Clt ,805 Seneca Pl,,Charlotte,NC,28210,2923,Mecklenburg,980-343-5825,https://www.kintegra.org,35.16601359,-80.86431432,Health Care Centers,,
Kintegra at Pleasant Ridge Elementary,1260 Floyd Ln,,Gastonia,NC,28052,5444,Gaston,704-866-6096,https://www.kintegra.org,35.250014,-81.20576003,Health Care Centers,,
Kintegra at Pumpkin Center Intermediate,3980 King Wilkinson Rd,,Lincolnton,NC,28092,8191,Lincoln,704-736-1504,https://www.kintegra.org,35.51693919,-81.13511081,Health Care Centers,,
Kintegra at Pumpkin Center Primary ,3970 King Wilkinson Rd,,Lincolnton,NC,28092,8191,Lincoln,704-736-1394,https://www.kintegra.org,35.51754943,-81.13618998,Health Care Centers,,
Kintegra at Rama Road Elementary,1035 Rama Rd,,Charlotte,NC,28211,4340,Mecklenburg,980-343-6730,https://www.kintegra.org,35.16954258,-80.77203024,Health Care Centers,,
Kintegra at Rankin Elementary,301 W Central Ave,,Mount Holly,NC,28120,1607,Gaston,704-836-9136,https://www.kintegra.org,35.29785841,-81.02021001,Health Care Centers,,
Kintegra at Riverbend,4670 Oxford School Rd,,Claremont,NC,28610,9468,Catawba,828-241-2754,https://www.kintegra.org,35.75310849,-81.11644465,Health Care Centers,,
Kintegra at Robinson,3122 Union Rd,,Gastonia,NC,28056,6922,Gaston,704-866-6607,https://www.kintegra.org,35.21313962,-81.16413793,Health Care Centers,,
Kintegra at Rock Springs Elementary,3633 N NC 16 Business Hwy,,Denver,NC,28037,8268,Lincoln,704-483-2281,https://www.kintegra.org,35.52950584,-81.02573326,Health Care Centers,,
Kintegra at S Ray Lowder Elementary ,350 Kennedy Dr,,Lincolnton,NC,28092,3216,Lincoln,704-735-2741,https://www.kintegra.org,35.46307653,-81.24536369,Health Care Centers,,
Kintegra at Sherrills Ford Elementary ,8103 Sherrills Ford Rd,,Sherrills Ford,NC,28673,7313,Catawba,828-478-2662,https://www.kintegra.org,35.62151831,-80.98772485,Health Care Centers,,
Kintegra at Sherwood Elementary,1744 Dixon Rd,,Gastonia,NC,28054,5771,Gaston,704-866-6094,https://www.kintegra.org,35.24937681,-81.1547098,Health Care Centers,,
Kintegra at Shuford,810 HunSubstance Usecker Dr NE,,Conover,NC,28613,7578,Catawba,828-464-1973,https://www.kintegra.org,35.72012612,-81.20019168,Health Care Centers,,
Kintegra at South Newton,306 W I St,,Newton,NC,28658,3598,Catawba,828-464-4061,https://www.kintegra.org,35.65519504,-81.22869661,Health Care Centers,,
Kintegra at South Point High ,906 South Point Rd,,Belmont,NC,28012,9536,Gaston,704-836-9612,https://www.kintegra.org,35.2230379,-81.03843587,Health Care Centers,,
Kintegra at Southwest Middle School ,1 Roadrunner Dr,,Gastonia,NC,28052,6267,Gaston,704-866-6290,https://www.kintegra.org,35.23118142,-81.20771176,Health Care Centers,,
Kintegra at Springfield Elementary ,900 S Main St,,Stanley,NC,28164,2262,Gaston,704-836-9106,https://www.kintegra.org,35.347949,-81.09623345,Health Care Centers,,
Kintegra at St James Elementary ,1774 Saint James Church Rd,,Denver,NC,28037,7515,Lincoln,704-736-1958,https://www.kintegra.org,35.48534268,-81.01632047,Health Care Centers,,
Kintegra at Stanley Middle,317 Hovis Rd,,Stanley,NC,28164,1413,Gaston,704-836-9600,https://www.kintegra.org,35.3669255,-81.10431344,Health Care Centers,,
Kintegra at Stuart Cramer High ,101 Lakewood Rd,,Belmont,NC,28012,2973,Gaston,704-866-5700,https://www.kintegra.org,35.24544151,-81.05906818,Health Care Centers,,
Kintegra at Turning Point Academy,8701 Moores Chapel Rd,,Charlotte,NC,28214,1555,Mecklenburg,980-343-5681,https://www.kintegra.org,35.27390159,-80.95057064,Health Care Centers,,
Kintegra at Turning Point Middle,2300 W Substance Usegar Creek Rd,,Charlotte,NC,28262,3199,Mecklenburg,980-343-5681,https://www.kintegra.org,35.2950112,-80.79657346,Health Care Centers,,
Kintegra at Tuttle Elementary ,2872 Water Plant Rd,,Maiden,NC,28650,9104,Catawba & Lincoln,828-428-3080,https://www.kintegra.org,35.5892378,-81.15749351,Health Care Centers,,
Kintegra at W C Friday Middle ,1221 Ratchford Dr,,Dallas,NC,28034,7599,Gaston ,704-922-5297,https://www.kintegra.org,35.33399041,-81.18337146,Health Care Centers,,
Kintegra at W.A. Bass Elementary,4340 Beaty Rd,,Gastonia,NC,28056,8335,Gaston,704-866-6075,https://www.kintegra.org,35.18830635,-81.13390499,Health Care Centers,,
Kintegra at Warlick Academy,1316 Spencer Mountain Rd,,Gastonia,NC,28054,3045,Gaston,704-836-9608,https://www.kintegra.org,35.28220525,-81.13349319,Health Care Centers,,
Kintegra at Webb Street School,1623 N Webb St,,Gastonia,NC,28052,402,Gaston,704-864-9667,https://www.kintegra.org,35.26404263,-81.21200463,Health Care Centers,,
Kintegra at Woodhill Elementary ,1027 Woodhill Dr,,Gastonia,NC,28054,2448,Gaston,704-866-6295,https://www.kintegra.org,35.27863431,-81.18040687,Health Care Centers,,
Kintegra at York Chester Middle School,601 S Clay St,,Gastonia,NC,28052,2999,Gaston,704-836-9609,https://www.kintegra.org,35.25547569,-81.19243457,Health Care Centers,,
Kintegra Behavioral Health ,1450 Fern Creek Dr,,Statesville,NC,28625,9376,Iredell,704-872-3782,https://www.kintegra.org,35.80289888,-80.85833341,Health Care Centers,,
Kintegra Behavioral Health - Gastonia,409 S Oakland St,,Gastonia,NC,28052,4312,Gaston,704-874-9005,https://www.kintegra.org,35.25849988,-81.18024971,Health Care Centers,,
Kintegra Behavioral Health - Riverwood,"3050 Riverwood Pkwy, Substance Useite B",,Gastonia,NC,28056,6002,Gaston,704-874-9005,https://www.kintegra.org,35.21557,-81.17007274,Health Care Centers,,
Kintegra Customer Substance Usepport,613 East Franklin Boulevard,,Gastonia,NC,28054,7150,Gaston,704-874-3316,https://www.kintegra.org,35.26229777,-81.17242327,Health Care Centers,,
Kintegra Family Dentistry - Lincolnton,111 Doctors,,Lincolnton,NC,28092,,Lincoln,704-735-2230,https://www.kintegra.org,35.46796574,-81.23640519,Health Care Centers,,
Kintegra Family Medicine - 3rd Ave,111 E 3rd Ave,,Gastonia,NC,28052,4317,Gaston,704-874-3300,https://www.kintegra.org,35.25889337,-81.18057174,Health Care Centers,,
Kintegra Family Medicine - Highland ,609 N Highland St,,Gastonia,NC,28052,2179,Gaston,704-772-4700,https://www.kintegra.org,35.27128744,-81.19466407,Health Care Centers,,
Kintegra Family Medicine - Hudson,991 W Hudson Blvd,,Gastonia,NC,28052,6430,Gaston,704-853-5079,https://www.kintegra.org,35.23422908,-81.20346398,Health Care Centers,,
Kintegra Family Medicine - Lincolnton,212 Gamble Dr,,Lincolnton,NC,28092,4421,Lincoln,704-735-7145,https://www.kintegra.org,35.4697101,-81.23571863,Health Care Centers,,
Kintegra Family Medicine - Statesville,1022 Shelton Ave,,Statesville,NC,28677,6826,Iredell,704-768-2080,https://www.kintegra.org,35.7699184,-80.88475485,Health Care Centers,,
Kintegra Family Medicine - X-Ray Drive,1021 X Ray Dr,,Gastonia,NC,28054,7462,Gaston,704-867-2341,https://www.kintegra.org,35.27558111,-81.13802344,Health Care Centers,,
Kintegra Health,336 Burtonwood Dr,,Gastonia,NC,28054,,Gaston,704-874-1900,https://www.kintegra.org,35.25743685,-81.15436477,Health Care Centers,,
Kintegra Health,200 E 2nd Ave,,Gastonia,NC,28052,4358,Gaston,704-874-1902,https://www.kintegra.org,35.26119856,-81.17952208,Health Care Centers,,
Kintegra Health Admin - New Hope ,504 S New Hope Rd,,Gastonia,NC,28054,4039,Gaston,704-874-1900,https://www.kintegra.org,35.25823829,-81.14893056,Health Care Centers,,
Kintegra Health Admin - Shannon Bradley,1520 Shannon Bradley Rd,,Gastonia,NC,28052,9478,Gaston,704-874-1900,https://www.kintegra.org,35.27703667,-81.23542124,Health Care Centers,,
Kintegra Health -Windsor Station Pharmacy ,3146 Dallas High Shoals Hwy,,Dallas,NC,28034,1306,Gaston ,704-874-0600,https://www.kintegra.org,35.31866225,-81.19116685,Health Care Centers,,
Kintegra Mobile,1022 Shelton Ave,,Statesville,NC,28677,6826,Iredell,704-874-3316,https://www.kintegra.org,35.7699184,-80.88475485,Health Care Centers,,
Kintegra Mobile Chiropractic,1022 Shelton Ave,,Statesville,NC,28677,6826,Iredell,704-874-3316,https://www.kintegra.org,35.7699184,-80.88475485,Health Care Centers,,
Kintegra Mobile Dentistry,518 Brookdale Dr,,Statesville,NC,28677,4108,Iredell,833-764-4537,https://www.kintegra.org,35.798174,-80.87637479,Health Care Centers,,
Kintegra Mobile Dentistry Unit - 5,111 E 3rd Ave,,Gastonia,NC,28052,4317,Gaston,704-874-3300,https://www.kintegra.org,35.25889337,-81.18057174,Health Care Centers,,
Kintegra Mobile Dentistry Unit South ,212 Gamble Dr,,Lincolnton,NC,28092,4421,Lincoln,704-862-6182,https://www.kintegra.org,35.4697101,-81.23571863,Health Care Centers,,
Kintegra Mobile Optometry,1022 Shelton Ave,,Statesville,NC,28677,6826,Iredell,704-874-3316,https://www.kintegra.org/healthcare-services-nc/optometry-care/ ,35.7699184,-80.88475485,Health Care Centers (HRSA),,
Kintegra Mobile Podiatry,2721 X Ray Dr,,Gastonia,NC,28054,7491,Gaston,704-874-3316,https://www.kintegra.org,35.27685424,-81.14080992,Health Care Centers,,
Kintegra Pediatric Dentistry - Gastonia ,890 Substance Usemmit Crossing Pl,,Gastonia,NC,28054,2192,Gaston,704-874-0377,https://www.kintegra.org,35.27747785,-81.14170142,Health Care Centers,,
Kintegra Pediatric Medicine,518 Brookdale Dr,,Statesville,NC,28677,4108,Iredell,704-874-1910,https://www.kintegra.org,35.798174,-80.87637479,Health Care Centers,,
Little Gerald Services,221 South Tradd Street,,Statesville,NC,28677,,Iredell,980-223-2547,https://www.lgservicesnc.org,35.7839107,-80.8850914,Mental Health,,
LOGAN FAMILY MEDICINE,298 Lincoln St SW,,Concord,NC,28025,5469,Cabarrus,704-792-2242,https://www.crchc.org,35.39835043,-80.57964779,Health Care Centers,,
MCGILL FAMILY MEDICINE,202D McGill Ave NW,,Concord,NC,28025,,Cabarrus,704-792-2242,https://www.crchc.org,35.41728959,-80.59720712,Health Care Centers,,
McLeod Centers for Wellbeing,300 Copperfield Blvd. Suite 105,,Concord,NC,28025,,Cabarrus,704-782-3131,https://www.mcleodcenters.org/about/our-locations/ ,35.3949,-80.5606,Opioid Treatment Programs,,
McLeod Centers for Wellbeing,549 Cox Road,,Gastonia,NC,28054,,Gaston,704-865-1558,https://www.mcleodcenters.org/about/our-locations/ ,35.267322,-81.134084,Opioid Treatment Programs,,
McLeod Centers for Wellbeing,636 Signal Hill Drive Extension,,Statesville,NC,28625,,Iredell,704-332-9001,https://www.mcleodcenters.org,35.8050562,-80.8510324,Substance Use,,
McLeod Centers for Wellbeing ,500 Archdale Drive,,Charlotte,NC,28217,,Mecklenburg,704-755-0150,https://www.mcleodcenters.org/about/our-locations/ ,35.150937,-80.892215,Opioid Treatment Programs,,
McLeod Centers for Wellbeing Charlotte ,500 Archdale Drive,,Charlotte,NC,28217,,Mecklenburg,704-332-9001,https://www.mcleodcenters.org,35.1508862,-80.892194,Substance Use,,
McLeod Centers for Wellbeing Concord,300 Copperfield Boulevard,Substance Useite 105,Concord,NC,28025,,Cabarrus,704-332-9001,https://www.mcleodcenters.org,35.4459976,-80.5973467,Substance Use,,
McLeod Centers for Wellbeing Gastonia,549 Cox Road,,Gastonia,NC,28054,,Gaston,704-332-9001,https://www.mcleodcenters.org,35.267137,-81.1345613,Substance Use,,
McLeod Centers for Wellbeing Residential and SAIOP,500 Archdale Drive,,Charlotte,NC,28217,,Mecklenburg,704-332-9001,https://www.mcleodcenters.org,35.1509229,-80.8922039,Substance Use,,
Metro Treatment of North Carolina -Charlotte,3315 Wilkinson Blvd.,,Charlotte,NC,28208,,Mecklenburg,(704) 697-0044,,35.224204,-80.894909,Opioid Treatment Programs,,
"Metro Treatment of North Carolina, LP",1455 East Franklin Blvd,,Gastonia,NC,28054,,Gaston,(980) 285-2990,,35.26093,-81.15608,Opioid Treatment Programs,,
Monarch BH Gaston ,2505 Court Drive,,Gastonia,NC,28054,2140,Gaston,866-272-7826,https://www.monarchnc.org,35.2735651,-81.1376494,Mental Health,,
Monarch BH Gaston ,2505 Court Drive,,Gastonia,NC,28054,2140,Gaston,866-272-7826,https://www.monarchnc.org,35.2733485,-81.137915,Substance Use,,
Monarch Mecklenburg Behavioral Health,5700 Executive Center Drive,,Charlotte,NC,28212,,Mecklenburg,866-272-7826,https://www.monarchnc.org,35.1998739,-80.7438155,Substance Use,,
Monarch Behavioral Health Outpatient Office - Mecklenburg ,3057 Freedom Drive,,Charlotte,NC,28208,,Mecklenburg,704-525-3255,https://monarchnc.org/resource/outpatient-services-mecklenburg-county/,35.24157431,-80.88860166,Mental Health,Call for More Information,"Behavioral Health, Intellectual and Developmental Disabilities, etc"
New Beginnings of the Southern Piedmont LLC,1508 Cleveland Avenue,,Charlotte,NC,28203,,Mecklenburg,704-334-6574,https://yourfirststep.org/treatment-center/new-beginnings-of-southern-piedmont-llc-charlotte-nc/,35.2135352,-80.8539313,"Mental Health, Substance Use","Private Health Insurance, Cash or self payment",Dual Diagnosis Drug and Alcohol Addiction Treatment
New Beginnings of the Southern Piedmont/Gaston County,825 East 2nd Avenue,,Gastonia,NC,28054,,Gaston,704-854-9102,https://newbeginningstreatmentcenter.com/locations/ ,35.2606091,-81.1686157,Substance Use,Self-payments. Call for more information,"DWI Assessments, Substance Use Assessments, etc"
New Leaf Adolescent Care Inc Corporate,1945 J N Pease Place,Suite 102,Charlotte,NC,28262,,Mecklenburg,704-405-8890,https://www.mentalhealthus.org/facility/new-leaf-adolescent-care-inc,35.3204637,-80.7721218,Mental Health,Call for More Information,"Case Management, Therapy Services, Psychological Assessments, etc"
New Vision Home,5004 Glenview Court,,Charlotte,NC,28215,,Mecklenburg,704-281-7261,https://mentalhealthrehabs.com/treatment-center/new-vision-home-charlotte/,35.2438943,-80.7685507,Mental Health,"Medicaid, Private Insurance, State-Financed Healthcare Plan Other Than Medicaid, State Mental Health Agency Funds, State Welfare or Child and Family Service Funds","Emergency Mental Health Services, Mental Health Treatment, Pharmacotherapies and Medications"
Newport Academy Teen and Adolescent Outpatient ,9101 Pineville Matthews Road Suite C2,Suite C2,Pineville,NC,28134,,Mecklenburg,877-820-6371,https://www.newportacademy.com/locations/outpatient/north-carolina/,35.08719279,-80.87171166,Mental Health,Call for More Information,Partial Hospitilization Program(PHP) for teens and adolescents
Newport Academy Teen and Adolescent Residential,9518 Brief Road,,Charlotte,NC,28227,,Mecklenburg,844-734-0923,https://www.newportacademy.com/locations/residential-north-carolina/,35.1808941,-80.6029659,Mental Health,Call for More Information,Residential and Outpatient Programs
Newport Academy Teen and Adolescent Residential ,10450 Brief Road,,Charlotte,NC,28227,,Mecklenburg,844-734-0923,https://www.newportacademy.com/locations/residential-north-carolina/,35.1830859,-80.5904033,Mental Health,Call for More Information,Residential and Outpatient Programs
Novant Presbyterian Medical Center Behavioral Health Services,200 Hawthorne Lane,,Charlotte,NC,28204,,Mecklenburg,704-384-4000,https://www.novanthealth.org/locations/medical-centers/presbyterian-medical-center/,35.2128384,-80.8233351,Health Care Centers,"Medicare; Medicaid; Federal military insurance (e.g., TRICARE); Private health insurance; Self-payment. Call for more information","Mental Health, Rehabilitation, Maternity, etc"
Ophelia Garmon-Brown Medical Clinic,3400 Shamrock Dr,,Charlotte,NC,28215,3212,Mecklenburg,704-316-6561,https://charlottecommunityhealth.org/en/for-patients/hours-and-locations/,35.23294744,-80.76988824,Health Care Centers,Call for More Information,"Behavioral Health, Dental Services, Telehealth, etc"
NC Treatment Center LLC - Queen City,4949 Albemarle Road,Suite A,Charlotte,NC,28205,,Mecklenburg,704-532-4262,https://www.nctreatmentcenters.com,35.2012816,-80.7631398,Substance Use,"Medicaid, Medicare, and some Medicare Advantage plans. State funding may be available for eligible patients. Call for more information","Methadone and Suboxone treatments, Individual counseling, etc "
RAPHA Healthcare Services,207 South Broad Street,Suites 4 & 5,Mooresville,NC,28115,3189,Iredell,704-912-1426,https://raphahealthcare.us/about-us,35.582289,-80.81458036,Substance Use," Medicare, Medicaid, Private health insurance, Cash or self-payment","Outpatient Behavioral and Mental Health Services, Substance Use Disorder Treatment and Recovery Support, Comprehensive Assessments and Recovery Education, Treatment for Mental Health Disorders, Peer Support Services"
RAPHA Healthcare Services,207 South Broad Street,Suites 4 & 5,Mooresville,NC,28115,3189,Iredell,704-912-1426,https://raphahealthcare.us/about-us,35.582289,-80.81458036,Mental Health," Medicare, Medicaid, Private health insurance, Cash or self-payment","Outpatient Behavioral and Mental Health Services, Substance Use Disorder Treatment and Recovery Support, Comprehensive Assessments and Recovery Education, Treatment for Mental Health Disorders, Peer Support Services"
Recovery Dynamics,"326 East Main Street, Room B-01",Room B-01,Lincolnton,NC,28092,,Lincoln,704-735-3507,https://www.recoverydynamicsnc.com/,35.4723685,-81.2527007,Substance Use,Call for More Information,"DWI Assessments (Pre and Post-trial), Short-Term and Long-Term Outpatient (Group) Treatment, Individual Counseling, US DOT-Certified Substance Abuse Professional (SAP) Services, etc"
Community Resource Center at Salvation Army ,216 Patterson Avenue Southeast,,Concord,NC,28025,3518,Cabarrus,704-792-2315,https://www.crchc.org/community-resource-center-at-salvation-army/,35.41480721,-80.57448026,Health Care Centers,Call for More Information,"Behavioral Health Services, Dental Services, etc"
Rowan Regional Medical Center,612 Mocksville Avenue,,Salisbury,NC,28144,2732,Rowan,704-210-5000,https://www.novanthealth.org/locations/medical-centers/rowan-medical-center/,35.6819323,-80.4707175,Health Care Centers,"TRICARE, Private and Public Health Insurance Plans (Aetna, United Healthcare, etc), Medicare, Medicaid","Mental Health Treatment & Services, Family Medicine and Primary Care, Maternity, etc"
Salisbury Health Center,330 Jake Alexander Boulevard W Suite 103,,Salisbury,NC,28147,,Rowan,704-792-2242,https://www.crchc.org/salisbury-health-center/,35.65677304,-80.49963606,Health Care Centers,Call for More Information,"Behavioral health and psychiatry services, dental services, health coaching"
W.G. (Bill) Hefner Salisbury Department of Veterans Affairs Medical Center,1601 Brenner Avenue,Building 11,Salisbury,NC,28144,,Rowan,704-638-9000 ,https://www.va.gov/salisbury-health-care/locations/wg-bill-hefner-salisbury-department-of-veterans-affairs-medical/#content,35.6831944,-80.4888084,Healthcare Center,"VA healthcare, Other private insurance","Mental Health Care, Neurology, Dental, Emergency Care, etc"
Self Concepts Clinical Counseling Inc,1305 East Garrison Boulevard,,Gastonia,NC,28054,5127,Gaston,704-852-3874,https://myselfconcept.com/about-us/,35.2524923,-81.162566,"Mental Health, Substance Use",Call for More Information,"Comprehensive Clinical Assessment, Outpatient Behavioral Healthcare, Life Enrichment Program, Substance Abuse Treatment"
Senior TLC - Gastonia,1875 Remount Rd,,Gastonia,NC,28054,7413,Gaston, 704-741-4360 ,https://www.seniortlc.org/gastonia,35.26876813,-81.14423753,Health Care Centers (HRSA),Call for More Information,"Therapy & Rehabilitation, Care at home, Medical Care, etc"
South Charlotte VA Healthcare Center Outpatient Clinic,3506 West Tyvola Road,,Charlotte,NC,28208,7201,Mecklenburg,704-329-1300,https://www.va.gov/salisbury-health-care/locations/south-charlotte-va-clinic/,35.1966825,-80.913719,Substance Use,Call for More Information,"Mental Health Care, Urgent Care, Primary Care, etc"
South Charlotte VA Healthcare Center Outpatient Clinic,3506 West Tyvola Road,,Charlotte,NC,28208,7201,Mecklenburg,704-329-1300,https://www.va.gov/salisbury-health-care/locations/south-charlotte-va-clinic/,35.1966825,-80.913719,Mental Health,Call for More Information,"Mental Health Care, Urgent Care, Primary Care, etc"
Southeastern Recovery Center,1018 Lee-Ann Drive NE,,Concord,NC,28025,,Cabarrus,704-452-4985,https://serecoverycenter.com/,35.4435826,-80.5980084,Substance Use,Private health insurance; Cash or self-payment. Call for More Information,"Mental Health Rehab, Detox, Medication Assisted Treatment, Inpatient Rehab, etc"
Southern Family Medicine Inc Main,400 East Statesville Avenue,Substance Useite 200,Mooresville,NC,28115,2355,Iredell,704-360-8486,https://www.southernfamilymedicine.org,35.5804698,-80.8038108,Substance Use,"Federal, or any government funding for substance use treatment programs, Medicare, Medicaid, Federal military insurance (e.g., TRICARE), Private health insurance, Cash or self-payment, State-financed health insurance plan other than Medicaid, SAMHSA funding/block grants","Medical Services (e.g. routine labs and blood work, flu shots, etc), Medication Assisted Treatment (MAT), Mental Health and Substance Abuse Counseling, Psychiatric Medication Management"
Sugar Creek Health Center,721 W Sugar Creek Rd,,Charlotte,NC,28213,6163,Mecklenburg,704-859-9544,https://www.crchc.org/sugar-creek-health-center/,35.26929569,-80.79500671,Health Care Centers,Self-payments. Call for more information,"Behaioral Health, Primary Care, Dental Services, etc"
C.W. Williams Community Health Center Inc. (Main Clinic),3333 Wilkinson Boulevard,,Charlotte,NC,28208,5631,Mecklenburg,866-299-4968,https://www.cwwilliams.org,35.22417146,-80.89610068,Health Care Centers,Call for More Information,"Primary/Preventive Medical Care, Behavioral Healthcare, Pharmaceutical Services, Check Your Smile Dental Services, Non-emergency medical transportation, Allergy testing and immunotherapy, Community Outreach"
Thompson Child and Family Focus Family Services Center ,6800 Saint Peter's Lane Matthews,,Charlotte,NC,28105,,Mecklenburg,704-536-0375,https://www.thompsoncff.org/,35.16921305,-80.73101419,Mental Health,Call for More Information,"Mental Health (Multisystemic Therapy, Counseling, Wraparound, Residential Services), Prevention, Foster Care"
Treatment Centers LLC.,4949 Albemarle Rd ,,Charlotte,NC,28205,,Mecklenburg,704-532-4262,https://nctreatmentcenters.com/locations/,35.2012816,-80.7631398,Opioid Treatment Programs,"Medicaid, Medicare, and some Medicare Advantage plans. State funding may be available for eligible patients. Call for more information","Methadone and Suboxone treatments, Individual counseling, etc "
Treatment Centers LLC.,1504 Jake Alexander Blvd W,,Salisbury,NC,28147,,Rowan ,704-645-8539,https://nctreatmentcenters.com/locations/ ,35.6788375,-80.5040956,Opioid Treatment Programs,"Medicaid, Medicare, and some Medicare Advantage plans. State funding may be available for eligible patients. Call for more information","Methadone and Suboxone treatments, Individual counseling, etc "
Troyer Medical,107 South Central Avenue,,Landis,NC,28088,,Rowan,704-855-2101,https://www.troyermed.com/,35.5461601,-80.6095554,Substance Use,"Medicare; Medicaid; Federal military insurance (e.g., TRICARE); Private health insurance; Cash or self-payment; State-financed health insurance plan other than Medicaid. Call for more information.","Primary Care, Pain Management, Addiction Treatment, Weight loss"
Water Mill Home,6801 Water Mill Court ,,Charlotte,NC,28215,,Mecklenburg,704-910-4029,https://www.rehab.com/water-mill-home,35.2504593,-80.7417657,Mental Health,Call for More Information,"Coognitive Behavioral Therapy, Individual Therapy, Trauma Therapy, Family Therapy, Couples Therapy, Group Therapy"
York County Treatment Center Metro Treatment of South Carolina LP,377 Rubin Center Drive,Substance Useite 101,Fort Mill,SC,29708,,York,803-547-7238,https://www.drug-rehabs.org/rehab-center/York-County-Treatment-Center_Fort-Mill_SC.htm,35.0949509,-80.9414226,Substance Use,"Medicaid, Medicare, Self-payment, Private Health Insurance, Federal, or any government funding for substance use treatment programs, SAMHSA funding/block grants ","Drug and Alcohol Rehab Services, SAMHSA-Certified Opioid Treatment Program, etc"
Zenith Hope Center LLC,508 Eastway Drive Suite A,,Charlotte,NC,28205,,Mecklenburg,704-248-0246,https://www.zenithhopecenter.com/,35.2507765,-80.781211,Substance Use, Medicare; Medicaid; Private health insurance; Cash or self-payment; State-financed health insurance plan other than Medicaid; SAMHSA funding/block grants,"Outpatient Opioid Treatment Program, Office-Based Opioid Treatment Program, Individual and Group Psychotherapy"
Zenith Hope Center LLC,508 Eastway Drive Suite A,,Charlotte,NC,28205,,Mecklenburg,704-248-0246,https://www.zenithhopecenter.com/ ,35.2507765,-80.781211,Opioid Treatment Programs, Medicare; Medicaid; Private health insurance; Cash or self-payment; State-financed health insurance plan other than Medicaid; SAMHSA funding/block grants,"Outpatient Opioid Treatment Program, Office-Based Opioid Treatment Program, Individual and Group Psychotherapy"
,,,,,,,,,,,,,,"Behavioral Health, Primary Care and Internal Medicine, Care Support Programs, Financial Support Services, Care Management and Education, Pediatric Care, Respiratory Illness and Wellness, Personalized Services, HIV Care, Tele-Prep"
